Date,Player,SO_y,SO_y_pred,SO_Prop,SO_y_binary,SO_y_binary_pred,p0,binary_prediction_correct
1686787200000,AJ Smith-Shawver,6,3.79474703632419,4.5,1,0,0.1795734537578405,No
1686700800000,Aaron Civale,7,5.055371293512825,4.5,1,0,0.1252669393985412,No
1683590400000,Aaron Nola,6,5.536822922475719,5.5,1,0,0.1332641555306333,No
1684022400000,Aaron Nola,4,4.855135257094087,5.5,0,0,0.1262660029807527,Yes
1684540800000,Aaron Nola,10,6.125576812491005,6.5,1,0,0.4783139431317187,No
1684972800000,Aaron Nola,7,5.590320390185524,5.5,1,1,0.5551485138611143,Yes
1685491200000,Aaron Nola,5,5.654609413119246,5.5,0,0,0.4980993731240609,Yes
1686355200000,Aaron Nola,7,7.5457175507134755,6.5,1,1,0.6913198334486915,Yes
1686787200000,Aaron Nola,9,5.764103418907683,5.5,1,0,0.3667004817445388,No
1683849600000,Adam Wainwright,2,3.691362187282023,3.5,0,0,0.2483193093379034,Yes
1684368000000,Adam Wainwright,1,3.568532210227768,3.5,0,0,0.0729776582333554,Yes
1684800000000,Adam Wainwright,2,3.463563952301526,4.5,0,0,0.0188974788275766,Yes
1685318400000,Adam Wainwright,6,2.896881066230196,4.5,1,0,0.040285287375497,No
1686441600000,Adam Wainwright,2,4.309893673328339,4.5,0,0,0.1941642241328368,Yes
1683936000000,Adrian Houser,2,4.086643276481964,3.5,0,0,0.1975159226428063,Yes
1684454400000,Adrian Houser,4,3.343369995310183,3.5,1,0,0.0869155160385986,No
1684886400000,Adrian Houser,3,3.5200992540472584,3.5,0,0,0.1166170426242517,Yes
1683590400000,Alek Manoah,1,4.983723912257909,5.5,0,0,0.0749289494545958,Yes
1684108800000,Alek Manoah,3,4.249724483240151,4.5,0,0,0.102011654638718,Yes
1684540800000,Alek Manoah,5,4.606088662105553,4.5,1,1,0.5212470438601635,Yes
1684972800000,Alek Manoah,6,4.442205287953191,5.5,1,0,0.1262097823579324,No
1685491200000,Alek Manoah,2,5.011704535580551,5.5,0,1,0.5225461269511578,No
1683763200000,Alex Cobb,3,4.1905562358548,4.5,0,0,0.4339201043362045,Yes
1684195200000,Alex Cobb,3,5.0343400668549725,5.5,0,0,0.1699077270806095,Yes
1684800000000,Alex Cobb,8,5.428972813940995,5.5,1,0,0.1146922612066483,No
1685232000000,Alex Cobb,5,5.090788361008866,5.5,0,0,0.1873756283366348,Yes
1686182400000,Alex Cobb,7,4.682661019001674,4.5,1,0,0.2688462236715198,No
1686614400000,Alex Cobb,5,5.113117931269753,5.5,0,0,0.1685491658378069,Yes
1683936000000,Alex Faedo,7,3.768422936356066,3.5,1,0,0.0856081355008031,No
1684540800000,Alex Faedo,4,3.6598807131709017,3.5,1,0,0.1980562394316934,No
1684972800000,Alex Faedo,10,4.520177915070558,4.5,1,0,0.305928780423527,No
1685404800000,Alex Faedo,4,4.97861064582074,4.5,0,1,0.8231314008996111,No
1684108800000,Alex Wood,4,3.5387636890618333,3.5,1,0,0.2673875658338767,No
1684627200000,Alex Wood,5,5.389239548693388,4.5,1,0,0.4160194250703716,No
1685059200000,Alex Wood,5,5.449548889260186,5.5,0,0,0.4765404710321791,Yes
1685491200000,Alex Wood,4,5.174623991376075,4.5,0,1,0.6187965634426963,No
1686355200000,Andrew Abbott,4,4.4423414653682,4.5,0,0,0.302741456530408,Yes
1683590400000,Andrew Heaney,7,6.349515952809134,6.5,1,0,0.2978681430432914,No
1684022400000,Andrew Heaney,9,6.1271600195259,6.5,1,0,0.1643998302804513,No
1684627200000,Andrew Heaney,5,5.391683673885075,6.5,0,0,0.4291086584989614,Yes
1685145600000,Andrew Heaney,3,5.176514656464325,5.5,0,0,0.2743195267974349,Yes
1686268800000,Andrew Heaney,5,4.393579418018269,4.5,1,1,0.5620365304650475,Yes
1686700800000,Andrew Heaney,5,4.861457805108744,5.5,0,0,0.1498367624658596,Yes
1683936000000,Anthony DeSclafani,2,4.053662171955462,3.5,0,1,0.5540503844988811,No
1684454400000,Anthony DeSclafani,6,4.601467484171719,4.5,1,0,0.334546385709763,No
1684886400000,Anthony DeSclafani,6,4.797601964369043,5.5,1,0,0.1165634470533732,No
1685318400000,Anthony DeSclafani,2,4.643129311207697,4.5,0,1,0.5566190597729657,No
1686700800000,Anthony DeSclafani,7,3.6469367628018814,3.5,1,0,0.4115553924016793,No
1683676800000,Antonio Senzatela,1,3.5438068162603296,3.5,0,0,0.076565505437378,Yes
1683849600000,Austin Gomber,6,3.9095769205667015,3.5,1,0,0.3521126162627063,No
1684281600000,Austin Gomber,1,3.857689296919732,3.5,0,0,0.4755639360261571,Yes
1684800000000,Austin Gomber,2,4.034523275025434,3.5,0,0,0.1357648588758531,Yes
1685232000000,Austin Gomber,3,2.9608720320659585,2.5,1,0,0.0497165554741482,No
1686268800000,Austin Gomber,1,2.927138877859591,3.5,0,0,0.1117046070455833,Yes
1686700800000,Austin Gomber,5,3.545503219568921,3.5,1,0,0.0271530541908214,No
1683763200000,Bailey Ober,6,5.0053307968202025,4.5,1,1,0.8514027706897712,Yes
1684195200000,Bailey Ober,6,4.8455245336857455,4.5,1,1,0.5532035258232127,Yes
1684713600000,Bailey Ober,2,4.883214884296192,5.5,0,0,0.2523916987073848,Yes
1685232000000,Bailey Ober,7,4.175011376384766,4.5,1,0,0.1561454385331548,No
1686700800000,Bailey Ober,7,5.596604915016249,5.5,1,0,0.4606042380474029,No
1685404800000,Ben Lively,6,4.366633916779393,3.5,1,1,0.5420825063458473,Yes
1686268800000,Ben Lively,8,4.710127856710584,4.5,1,0,0.3168767771012383,No
1686700800000,Ben Lively,4,4.141119157841884,4.5,0,0,0.1160140191376615,Yes
1683849600000,Blake Snell,4,5.848670265519665,6.5,0,0,0.1013307251028659,Yes
1684454400000,Blake Snell,5,6.129618395955016,6.5,0,0,0.1219745859211449,Yes
1684972800000,Blake Snell,6,4.71971277962796,5.5,1,0,0.2102916971877797,No
1685491200000,Blake Snell,7,5.994321290397964,5.5,1,0,0.2750517539756549,No
1686441600000,Blake Snell,12,5.807344142413943,5.5,1,1,0.5029217088941538,Yes
1684800000000,Bobby Miller,5,2.542196074053833,3.5,1,0,0.1315817366210116,No
1685318400000,Bobby Miller,4,4.457359221629587,4.5,0,1,0.5378266816241635,No
1686355200000,Bobby Miller,7,5.00088531506577,5.5,1,0,0.2050077498797692,No
1683676800000,Brad Keller,4,4.647248538436833,2.5,1,0,0.2255168169547008,No
1684108800000,Brad Keller,2,3.791378056302966,3.5,0,0,0.3920732716719564,Yes
1683763200000,Brady Singer,4,4.55738709775452,4.5,0,0,0.2784931851867764,Yes
1684195200000,Brady Singer,3,4.836087483469571,4.5,0,0,0.2784367549580516,Yes
1684713600000,Brady Singer,3,4.719163763078902,4.5,0,1,0.5883910135506968,No
1685145600000,Brady Singer,6,3.7611659432425433,4.5,1,0,0.0982443778652522,No
1686355200000,Brady Singer,4,4.609343072569777,3.5,1,0,0.4972158355343183,No
1683936000000,Brandon Bielak,4,3.697568948632191,3.5,1,0,0.0604953440637758,No
1684454400000,Brandon Bielak,9,4.140914578372609,4.5,1,0,0.1383370705180891,No
1684886400000,Brandon Bielak,3,4.375761691369911,4.5,0,0,0.4932655729411535,Yes
1685404800000,Brandon Bielak,6,4.865134063962853,4.5,1,1,0.5481369448952621,Yes
1686441600000,Brandon Bielak,4,3.5714441711881544,3.5,1,0,0.0867507156287154,No
1683590400000,Brandon Pfaadt,3,4.604564987527286,4.5,0,0,0.3187570376116024,Yes
1684022400000,Brandon Pfaadt,5,4.277473590045791,4.5,1,0,0.1974796123881346,No
1684540800000,Brandon Pfaadt,3,5.02125115686948,4.5,0,0,0.3754401905303456,Yes
1685059200000,Brandon Pfaadt,4,3.848702653842169,3.5,1,0,0.1551735195187118,No
1684713600000,Brandon Williamson,3,4.610383977893968,4.5,0,1,0.5191964207750761,No
1685145600000,Brandon Williamson,3,5.001913256492838,4.5,0,1,0.5506630923058912,No
1686096000000,Brandon Williamson,3,4.1986706919892764,4.5,0,0,0.3391100251226822,Yes
1686614400000,Brandon Williamson,1,4.136502589981809,4.5,0,0,0.1245477428737277,Yes
1684022400000,Braxton Garrett,8,5.140976902130293,4.5,1,1,0.5532057546354828,Yes
1684540800000,Braxton Garrett,8,5.050222043136523,4.5,1,0,0.1947886131649431,No
1684972800000,Braxton Garrett,3,5.878179198076672,4.5,0,1,0.5465949350129037,No
1685491200000,Braxton Garrett,7,4.743253801744958,4.5,1,1,0.5204369642250304,Yes
1686441600000,Braxton Garrett,9,4.183868627966353,4.5,1,0,0.2366283985031336,No
1683676800000,Brayan Bello,5,3.945735918007892,4.5,1,0,0.2578803330379372,No
1684281600000,Brayan Bello,7,5.55387826683419,5.5,1,0,0.3770479237645594,No
1684800000000,Brayan Bello,6,5.264928629392985,5.5,1,0,0.2047982047994429,No
1685404800000,Brayan Bello,4,5.594750051783537,5.5,0,0,0.4956434366810542,Yes
1686441600000,Brayan Bello,3,5.006728272799891,5.5,0,0,0.2042237804467386,Yes
1686355200000,Bryan Woo,7,3.594766239733374,4.5,1,0,0.0969721319210799,No
1683936000000,Bryce Elder,3,4.976044745312006,4.5,0,0,0.2740924074849177,Yes
1684454400000,Bryce Elder,6,5.0107925245469005,5.5,1,0,0.3900384533259615,No
1684886400000,Bryce Elder,6,4.706597328464582,4.5,1,0,0.3549734456849415,No
1685404800000,Bryce Elder,5,5.329370291009014,5.5,0,0,0.19975125627293,Yes
1686009600000,Bryce Elder,8,4.573285855370117,4.5,1,1,0.5728538590909531,Yes
1686441600000,Bryce Elder,1,4.9589450268237565,4.5,0,1,0.8138506255636001,No
1683936000000,Bryce Miller,3,5.248383719983306,5.5,0,0,0.2767985445842824,Yes
1684454400000,Bryce Miller,4,4.692960480333485,4.5,0,0,0.2032261776111862,Yes
1684886400000,Bryce Miller,6,4.969248423094345,5.5,1,0,0.482231278223066,No
1685318400000,Bryce Miller,3,5.5892044046357725,5.5,0,0,0.4474656762898883,Yes
1686528000000,Bryce Miller,6,5.315905802413067,4.5,1,0,0.4513773858169617,No
1683936000000,Cal Quantrill,2,3.805704806016678,3.5,0,0,0.1401668296299362,Yes
1684454400000,Cal Quantrill,6,3.5578098585054163,3.5,1,0,0.0998643387248756,No
1684886400000,Cal Quantrill,2,3.8601053140100574,4.5,0,0,0.4189271990904598,Yes
1685404800000,Cal Quantrill,3,3.5533667835847496,3.5,0,0,0.0893288750624001,Yes
1684454400000,Carlos Carrasco,3,3.5240068638779527,3.5,0,0,0.3327899770045289,Yes
1684972800000,Carlos Carrasco,4,4.078340205182189,4.5,0,0,0.2334042107553602,Yes
1685491200000,Carlos Carrasco,4,4.479290384729726,4.5,0,1,0.7400637357752397,No
1686009600000,Carlos Carrasco,4,4.647949412891228,4.5,0,0,0.0692277644018611,Yes
1686441600000,Carlos Carrasco,1,5.597462861352934,4.5,0,1,0.6077463176978279,No
1683590400000,Charlie Morton,7,5.626803169523183,5.5,1,1,0.6265789126262004,Yes
1684108800000,Charlie Morton,10,5.0806919561414805,6.5,1,0,0.0915230063094986,No
1684713600000,Charlie Morton,5,6.112233241938008,6.5,0,0,0.4521581960664118,Yes
1685145600000,Charlie Morton,9,5.735600247673892,6.5,1,0,0.2290190876252194,No
1686096000000,Charlie Morton,5,6.757394217421614,6.5,0,1,0.6954299482459755,No
1686182400000,Chase Anderson,7,3.233884626353705,3.5,1,0,0.0451486770205287,No
1686614400000,Chase Anderson,6,3.7134641495692025,3.5,1,0,0.2531458791074813,No
1683849600000,Chris Bassitt,8,4.972418115371083,4.5,1,1,0.7278219259377272,Yes
1684281600000,Chris Bassitt,7,5.527432705566122,5.5,1,0,0.3815943256488507,No
1684713600000,Chris Bassitt,4,4.530710114013632,4.5,0,1,0.6164216343759722,No
1685145600000,Chris Bassitt,5,4.425065334591032,5.5,0,0,0.0524188370944054,Yes
1686096000000,Chris Bassitt,5,4.418500531546656,4.5,1,1,0.6062515894265686,Yes
1686614400000,Chris Bassitt,5,4.566646608178593,4.5,1,0,0.4148289485548339,No
1683936000000,Chris Sale,9,6.221952848978296,6.5,1,0,0.1801535850238813,No
1684540800000,Chris Sale,8,6.413682920085638,5.5,1,1,0.7457272231234732,Yes
1685059200000,Chris Sale,3,6.29823745555172,6.5,0,1,0.5870837218025327,No
1685577600000,Chris Sale,6,6.032784771709471,6.5,0,0,0.2772120799936681,Yes
1683590400000,Clarke Schmidt,7,6.332049000336,6.5,1,0,0.232597916810856,No
1684022400000,Clarke Schmidt,5,5.5900853281917975,5.5,0,0,0.4347741243328171,Yes
1684454400000,Clarke Schmidt,6,5.137405474777516,5.5,1,0,0.2036977670454418,No
1684972800000,Clarke Schmidt,4,5.010247019263259,4.5,0,1,0.7616921941361384,No
1685491200000,Clarke Schmidt,7,5.862578575217213,5.5,1,0,0.4215984481635992,No
1686441600000,Clarke Schmidt,4,4.099943983810474,4.5,0,0,0.2328393633440686,Yes
1683676800000,Clayton Kershaw,8,6.945828746358399,7.5,1,0,0.4551115336928454,No
1684195200000,Clayton Kershaw,7,7.593346121164283,7.5,0,1,0.8128658421370213,No
1684627200000,Clayton Kershaw,6,6.690481176351497,6.5,0,0,0.3533068372330138,Yes
1685145600000,Clayton Kershaw,6,6.544445277710978,6.5,0,0,0.3944378120842897,Yes
1686182400000,Clayton Kershaw,9,6.9887895099873365,7.5,1,0,0.2426186846656878,No
1686700800000,Clayton Kershaw,5,8.173445293646683,7.5,0,1,0.7968341228717462,No
1685232000000,Cody Bradford,5,3.5932983263193377,4.5,1,0,0.1496158745855257,No
1686355200000,Cole Irvin,5,3.611878861258942,4.5,1,0,0.185545019189576,No
1684800000000,Colin Rea,4,3.7669657593974457,3.5,1,0,0.4810021543897823,No
1685232000000,Colin Rea,6,3.6598693953241592,4.5,1,0,0.1118809813499228,No
1686182400000,Colin Rea,8,4.775826808601138,4.5,1,0,0.4924539377275644,No
1686700800000,Colin Rea,4,4.11374359615774,4.5,0,0,0.130990154152696,Yes
1683590400000,Connor Seabold,3,3.339317036159036,3.5,0,0,0.0735131335780036,Yes
1684108800000,Connor Seabold,3,3.0200495060249235,3.5,0,0,0.031385679625274,Yes
1684627200000,Connor Seabold,5,3.819682367472049,3.5,1,0,0.077151802663434,No
1685059200000,Connor Seabold,2,3.4295183623573644,3.5,0,0,0.4021575746222134,Yes
1686096000000,Connor Seabold,4,3.3832499349726155,3.5,1,0,0.227744964166792,No
1686528000000,Connor Seabold,6,3.5894238217354912,3.5,1,0,0.1401801574064317,No
1683849600000,Corbin Burnes,7,5.159507268036518,6.5,1,0,0.2223200287201775,No
1684713600000,Corbin Burnes,5,6.436589574239975,6.5,0,0,0.2673947731800687,Yes
1685145600000,Corbin Burnes,8,6.801669745030346,7.5,1,0,0.2290634802855207,No
1686614400000,Corbin Burnes,8,5.957541946849036,6.5,1,1,0.5898789583401617,Yes
1684022400000,Corey Kluber,5,4.306571050504507,4.5,1,0,0.3543036187430945,No
1684627200000,Corey Kluber,1,4.784158461404393,4.5,0,1,0.6421221113498786,No
1683676800000,Cristian Javier,11,7.08225112306245,6.5,1,1,0.6111392872839401,Yes
1684195200000,Cristian Javier,5,8.282795861264002,7.5,0,1,0.8772859842234392,No
1684713600000,Cristian Javier,5,6.678173267893851,6.5,0,0,0.3833184262913111,Yes
1685232000000,Cristian Javier,3,6.239448616060425,6.5,0,0,0.1478002067644708,Yes
1686268800000,Cristian Javier,2,4.740627097593504,4.5,0,0,0.2957515062526157,Yes
1686787200000,Cristian Javier,2,5.129427264916191,5.5,0,0,0.1712440316892895,Yes
1684195200000,Dane Dunning,4,4.243806369137677,3.5,1,1,0.7170399816884958,Yes
1684713600000,Dane Dunning,3,4.037220775334748,4.5,0,0,0.1164165295383393,Yes
1685491200000,Dane Dunning,6,4.349201194491928,4.5,1,0,0.0756645678133829,No
1686009600000,Dane Dunning,1,4.382939851969017,4.5,0,0,0.2311611640411278,Yes
1686528000000,Dane Dunning,3,4.437887876675084,4.5,0,0,0.134276594421256,Yes
1685232000000,Daniel Lynch,6,3.7393848225415103,4.5,1,0,0.1992468297813589,No
1686268800000,Daniel Lynch,4,5.463128971434018,4.5,0,1,0.5294250652767951,No
1686700800000,Daniel Lynch,3,4.538244975113137,4.5,0,1,0.5629976043369955,No
1684108800000,David Peterson,5,4.697174273799591,5.5,0,0,0.0769303087627852,Yes
1683676800000,Dean Kremer,4,4.4588264100624775,4.5,0,0,0.3265266396304185,Yes
1684195200000,Dean Kremer,4,4.503272747554935,4.5,0,0,0.2457843232097577,Yes
1684627200000,Dean Kremer,7,3.606708245125184,4.5,1,0,0.0585276634661406,No
1685145600000,Dean Kremer,5,5.278586463642013,5.5,0,0,0.4429716781094853,Yes
1686614400000,Dean Kremer,6,4.792592925481039,3.5,1,1,0.633958159019841,Yes
1686009600000,Dinelson Lamet,4,3.5554416015601364,4.5,0,0,0.0257644050147768,Yes
1686441600000,Dinelson Lamet,5,3.713907625944371,4.5,1,0,0.1544001076815914,No
1683763200000,Drew Rasmussen,7,5.016264643055697,4.5,1,0,0.3742523668204597,No
1683590400000,Drew Rucinski,2,3.048245521504328,3.5,0,0,0.0181124870253221,Yes
1684108800000,Drew Rucinski,0,3.5648864548872643,3.5,0,0,0.1022258215171729,Yes
1683849600000,Drew Smyly,4,4.012297285039454,4.5,0,0,0.0965169069222278,Yes
1684281600000,Drew Smyly,8,4.093167285953734,3.5,1,0,0.2552895995962952,No
1684800000000,Drew Smyly,5,4.430670342817543,4.5,1,0,0.4454765885555101,No
1685232000000,Drew Smyly,2,5.10278807325076,5.5,0,0,0.3535998312936925,Yes
1686182400000,Drew Smyly,4,4.152761911295309,4.5,0,0,0.0784459439530637,Yes
1683849600000,Dustin May,3,4.983915691900208,4.5,0,1,0.7843031409184655,No
1684281600000,Dustin May,2,4.655707526700167,5.5,0,0,0.3482234441992126,Yes
1683936000000,Dylan Cease,5,6.283243212821764,6.5,0,0,0.4399340026764995,Yes
1684368000000,Dylan Cease,3,5.1247764601915895,6.5,0,0,0.0502358673317952,Yes
1684800000000,Dylan Cease,3,4.1995781814611695,5.5,0,0,0.0380827493603852,Yes
1685232000000,Dylan Cease,8,5.247622091771723,6.5,1,0,0.0338454261079949,No
1686268800000,Dylan Cease,7,6.3328576404243,5.5,1,1,0.67996960070191,Yes
1686787200000,Dylan Cease,10,5.954729297228888,5.5,1,1,0.693808422466482,Yes
1685232000000,Dylan Covey,0,2.5776849309708614,3.5,0,0,0.177787361781474,Yes
1684972800000,Dylan Dodd,3,4.047724075774462,3.5,0,1,0.5234601533843334,No
1683676800000,Eduardo Rodriguez,8,4.724296753706568,5.5,1,0,0.4001315764695261,No
1684281600000,Eduardo Rodriguez,5,5.543299725104517,5.5,0,1,0.7166074786077686,No
1685232000000,Eduardo Rodriguez,6,5.918548377424332,5.5,1,1,0.5870066843031491,Yes
1683676800000,Edward Cabrera,5,5.4455086918839966,5.5,0,0,0.2700418585139231,Yes
1684281600000,Edward Cabrera,6,4.897222617556367,5.5,1,0,0.2161153393234794,No
1684713600000,Edward Cabrera,6,5.2196201562451625,4.5,1,0,0.3236051646535786,No
1686096000000,Edward Cabrera,4,7.1888266388382265,6.5,0,0,0.344358505575509,Yes
1686614400000,Edward Cabrera,4,6.497119945150651,6.5,0,0,0.2914645666230193,Yes
1683590400000,Eric Lauer,4,4.673793645426439,5.5,0,0,0.0702700304474308,Yes
1683590400000,Framber Valdez,12,5.418999168242261,5.5,1,0,0.2216162691859496,No
1684108800000,Framber Valdez,8,6.609887687880607,6.5,1,1,0.8886980257517291,Yes
1684627200000,Framber Valdez,7,7.589205325263354,7.5,0,1,0.5656128719878727,No
1686182400000,Framber Valdez,5,5.018525013267642,5.5,0,0,0.1477852533696727,Yes
1686700800000,Framber Valdez,6,6.133878915594028,6.5,0,0,0.1699096622077605,Yes
1684108800000,Freddy Peralta,4,4.842147868841046,5.5,0,0,0.121496606043767,Yes
1684627200000,Freddy Peralta,4,5.232555821033619,5.5,0,0,0.1549363186890042,Yes
1685059200000,Freddy Peralta,4,5.480138809640749,6.5,0,0,0.1071416414880989,Yes
1685577600000,Freddy Peralta,3,4.63690844156206,5.5,0,0,0.0974286187432878,Yes
1686009600000,Freddy Peralta,9,5.153344898840504,5.5,1,0,0.2136713308827191,No
1686441600000,Freddy Peralta,5,5.895889817465226,7.5,0,0,0.3421727869158088,Yes
1685145600000,Garrett Whitlock,4,4.213737307161513,3.5,1,0,0.4222612010700413,No
1686268800000,Garrett Whitlock,6,4.068427958965611,4.5,1,0,0.2332789941462497,No
1686700800000,Garrett Whitlock,7,4.894410321833482,5.5,1,1,0.5573578958050865,Yes
1684713600000,Gavin Stone,1,3.295241482167738,3.5,0,0,0.0384679086812117,Yes
1683590400000,George Kirby,9,4.991659228209165,6.5,1,0,0.1705223668633061,No
1684108800000,George Kirby,6,4.022170642905294,4.5,1,0,0.1142724919742859,No
1684627200000,George Kirby,6,5.10700230581511,4.5,1,1,0.6882901291037099,Yes
1685059200000,George Kirby,4,5.561351453797291,5.5,0,1,0.6944149691518485,No
1685491200000,George Kirby,7,5.124745883401202,5.5,1,0,0.3522825829168077,No
1686096000000,George Kirby,3,5.588120013557291,5.5,0,1,0.5062147169413267,No
1686614400000,George Kirby,10,5.415773688788868,5.5,1,0,0.3167425341987941,No
1684281600000,Gerrit Cole,6,5.527177370020781,6.5,0,0,0.0655562101600771,Yes
1684800000000,Gerrit Cole,2,6.2691997789453024,7.5,0,1,0.6410589139440197,No
1685232000000,Gerrit Cole,9,6.244727370264864,7.5,1,0,0.4240931710352741,No
1686268800000,Gerrit Cole,6,5.2482443104550125,7.5,0,0,0.1220375123824241,Yes
1686700800000,Gerrit Cole,8,6.0075355443908345,6.5,1,0,0.1475974561496103,No
1683849600000,Graham Ashcraft,3,4.032586963920742,3.5,0,1,0.6462481385319765,No
1684800000000,Graham Ashcraft,5,3.698942507842608,3.5,1,0,0.3397407342181125,No
1685232000000,Graham Ashcraft,6,4.15266460043796,4.5,1,0,0.3989361636837401,No
1686182400000,Graham Ashcraft,1,3.681828836127636,3.5,0,0,0.3865663474840382,Yes
1683590400000,Grayson Rodriguez,4,5.033952167264474,5.5,0,0,0.1806633702564862,Yes
1684108800000,Grayson Rodriguez,3,4.888859597335396,5.5,0,0,0.0590240481504217,Yes
1684540800000,Grayson Rodriguez,6,4.272002248562619,4.5,1,0,0.1816414121700596,No
1685059200000,Grayson Rodriguez,6,4.948574825758908,5.5,1,0,0.2204960977257862,No
1683676800000,Griffin Canning,3,4.620838415360132,4.5,0,0,0.3009950427234561,Yes
1684281600000,Griffin Canning,4,3.947798989959492,4.5,0,0,0.1317186006875269,Yes
1684800000000,Griffin Canning,5,4.665461371127178,4.5,1,0,0.2533436121673431,No
1685318400000,Griffin Canning,9,4.376623999200414,4.5,1,0,0.2856510199632702,No
1686441600000,Griffin Canning,7,4.271331381514583,5.5,1,0,0.2600818797726926,No
1683936000000,Hayden Wesneski,5,3.1987327223361386,4.5,1,0,0.0413013740829981,No
1686009600000,Hayden Wesneski,4,3.840811847491689,4.5,0,0,0.1295525847086015,Yes
1686441600000,Hayden Wesneski,4,3.85432558907713,4.5,0,0,0.0542692643495384,Yes
1686096000000,Hogan Harris,2,2.692320324802504,4.5,0,0,0.1031062445839968,Yes
1684022400000,Hunter Brown,8,4.515078263908498,4.5,1,0,0.3511393220884573,No
1684540800000,Hunter Brown,9,5.5532571085608335,6.5,1,0,0.4204131176412815,No
1685059200000,Hunter Brown,10,5.688096439802976,6.5,1,0,0.3395017633958562,No
1685491200000,Hunter Brown,8,7.372920423430164,7.5,1,1,0.6714601704742513,Yes
1686009600000,Hunter Brown,5,5.3693037102460375,5.5,0,0,0.2546182859608857,Yes
1686614400000,Hunter Brown,4,5.962410059694155,5.5,0,0,0.2479650207877523,Yes
1685232000000,Hunter Gaddis,3,3.666976347195649,3.5,0,0,0.1553944414865204,Yes
1683676800000,Hunter Greene,4,5.6160248079600885,5.5,0,1,0.6998187660346017,No
1684108800000,Hunter Greene,8,4.61120030402046,5.5,1,0,0.2458828182537151,No
1684627200000,Hunter Greene,10,6.24939434732128,6.5,1,1,0.512538480575937,Yes
1685059200000,Hunter Greene,11,7.033148079507945,7.5,1,1,0.5586198509918211,Yes
1685577600000,Hunter Greene,8,7.4267811881077135,6.5,1,0,0.3684480165554771,No
1686441600000,Hunter Greene,9,6.70481609155234,6.5,1,0,0.1889431018244751,No
1683849600000,J.P. France,3,4.5794769017154735,4.5,0,0,0.4534450253141964,Yes
1684281600000,J.P. France,2,5.210831037790593,5.5,0,1,0.5625959678418618,No
1684800000000,J.P. France,8,4.253433034857494,4.5,1,0,0.3428479284982098,No
1685318400000,J.P. France,8,5.16602394128431,6.5,1,0,0.3165554191581113,No
1686355200000,J.P. France,6,3.6608339679547024,3.5,1,0,0.2189809983312487,No
1684540800000,JP Sears,7,4.3312493353807975,4.5,1,0,0.4002084524789557,No
1684972800000,JP Sears,1,5.952288395385296,5.5,0,0,0.3801143721391186,Yes
1685404800000,JP Sears,2,4.93914471472356,4.5,0,0,0.2386589641501024,Yes
1686441600000,JP Sears,5,5.27927205248052,5.5,0,1,0.5309332318327803,No
1683590400000,Jack Flaherty,3,5.369310655313615,6.5,0,0,0.1812901544212677,Yes
1684108800000,Jack Flaherty,10,5.283634853014101,5.5,1,0,0.0983007375598317,No
1684627200000,Jack Flaherty,5,5.767060030434532,5.5,0,1,0.6323047171590324,No
1685145600000,Jack Flaherty,4,4.169012595652958,4.5,0,0,0.1173130421507507,Yes
1686096000000,Jack Flaherty,8,4.7145309791335785,5.5,1,0,0.0622226344215536,No
1686614400000,Jack Flaherty,3,5.418763410087442,5.5,0,0,0.3697405806530136,Yes
1686096000000,Jaime Barria,3,5.041916553822774,4.5,0,1,0.7098273426556109,No
1684022400000,Jake Irvin,6,3.794546933761955,3.5,1,0,0.1544273399937908,No
1684454400000,Jake Irvin,1,4.756589823783758,4.5,0,1,0.5815218431401333,No
1684972800000,Jake Irvin,4,3.741041133186097,3.5,1,0,0.1844709341574965,No
1686009600000,Jake Irvin,1,3.4327515592212614,3.5,0,0,0.3581862354416865,Yes
1684627200000,James Kaprielian,5,4.684035564876345,4.5,1,1,0.5445539787219756,Yes
1685059200000,James Kaprielian,4,4.676276548082096,4.5,0,0,0.3555539296117157,Yes
1685491200000,James Kaprielian,4,4.540628058620676,4.5,0,0,0.4369099373292978,Yes
1686009600000,James Kaprielian,1,4.906904925913664,4.5,0,0,0.1920127662028828,Yes
1686528000000,James Kaprielian,4,4.460309774549485,4.5,0,0,0.4491138669828873,Yes
1683849600000,James Paxton,9,3.65728536009265,4.5,1,0,0.089544123944721,No
1684454400000,James Paxton,5,6.458869544708473,5.5,0,1,0.666863174058318,No
1684886400000,James Paxton,5,5.6269831951189015,5.5,0,0,0.3741107913852624,Yes
1685491200000,James Paxton,8,4.538114645623249,5.5,1,0,0.3225919423031256,No
1686009600000,James Paxton,9,4.6407036280235685,5.5,1,0,0.1052870308151388,No
1686528000000,James Paxton,8,8.122894929222632,7.5,1,0,0.4652816534640249,No
1684108800000,Jameson Taillon,1,3.5171758493342806,4.5,0,0,0.2898357222269852,Yes
1684540800000,Jameson Taillon,1,3.518105355143976,3.5,0,0,0.2420296372645092,Yes
1685145600000,Jameson Taillon,5,4.041841422520773,4.5,1,0,0.4093818918858811,No
1686096000000,Jameson Taillon,5,3.858675718846962,4.5,1,0,0.0884204272610529,No
1684627200000,Jared Shuster,7,4.213853464179642,4.5,1,0,0.2946599316911988,No
1685059200000,Jared Shuster,5,4.7182514508708415,4.5,1,1,0.626619540533841,Yes
1685491200000,Jared Shuster,1,4.677573230463914,4.5,0,0,0.4238207579107255,Yes
1686355200000,Jared Shuster,0,3.692018595419548,3.5,0,1,0.5345484093937709,No
1685145600000,Jesse Scholtens,3,3.7971149905891446,4.5,0,0,0.0566055732050752,Yes
1683676800000,Jhony Brito,3,4.128549026052526,4.5,0,0,0.1142546534034981,Yes
1683936000000,Joe Musgrove,5,5.51333092130147,5.5,0,0,0.1413276984756777,Yes
1684540800000,Joe Musgrove,6,5.145299171537627,5.5,1,0,0.067373149237967,No
1685059200000,Joe Musgrove,6,5.463499059725408,5.5,1,0,0.1960703803428393,No
1685577600000,Joe Musgrove,3,5.493074641072066,5.5,0,0,0.3938191202391679,Yes
1686009600000,Joe Musgrove,8,5.734647696817482,6.5,1,0,0.1716824422841291,No
1686614400000,Joe Musgrove,5,5.199583152470964,5.5,0,0,0.2297211662266012,Yes
1683936000000,Joe Ryan,10,7.13036228425624,7.5,1,0,0.4714956993214152,No
1684454400000,Joe Ryan,9,5.144951471521018,6.5,1,0,0.0792633712599075,No
1684886400000,Joe Ryan,4,6.976646613687524,6.5,0,0,0.4287123376554371,Yes
1685404800000,Joe Ryan,6,6.130598981430558,6.5,0,0,0.1477822694801118,Yes
1683936000000,Joey Lucchesi,0,3.916885445525536,3.5,0,0,0.0955595297257506,Yes
1684022400000,Joey Wentz,3,3.9151296144941417,4.5,0,0,0.2211931571690929,Yes
1684627200000,Joey Wentz,1,3.744113676088457,4.5,0,0,0.1238355621451437,Yes
1685059200000,Joey Wentz,4,4.158787783395048,4.5,0,0,0.3239027351327037,Yes
1685491200000,Joey Wentz,5,3.8894888864554775,4.5,1,0,0.2909929503875414,No
1683849600000,Johan Oviedo,3,3.832329426006904,4.5,0,0,0.0851879412219071,Yes
1684454400000,Johan Oviedo,7,4.518769670614873,4.5,1,0,0.278459310412673,No
1684886400000,Johan Oviedo,5,4.731360025464769,4.5,1,0,0.4764206693153285,No
1686355200000,Johan Oviedo,5,4.4046312314977225,4.5,1,0,0.2052834105227562,No
1683936000000,Jon Gray,5,5.438470388906403,5.5,0,0,0.1274194506495372,Yes
1684540800000,Jon Gray,6,5.10883008219878,5.5,1,0,0.2299460693192214,No
1685059200000,Jon Gray,8,4.597721142109876,4.5,1,0,0.2461637400960045,No
1686096000000,Jon Gray,12,5.1848682466029485,5.5,1,0,0.1930004378088578,No
1683590400000,Jordan Lyles,6,4.57778101981777,3.5,1,1,0.6946290224252957,Yes
1684022400000,Jordan Lyles,2,4.380433805493452,4.5,0,0,0.4015814934943951,Yes
1684540800000,Jordan Lyles,5,4.091000470516621,4.5,1,0,0.23270027224004,No
1685059200000,Jordan Lyles,2,4.20905091169372,3.5,0,0,0.4716430291979572,Yes
1686096000000,Jordan Lyles,2,4.810507365581689,3.5,0,0,0.3614853497389367,Yes
1686614400000,Jordan Lyles,4,4.475964492419855,4.5,0,0,0.3222439529906423,Yes
1683676800000,Jordan Montgomery,3,5.054414817260965,5.5,0,0,0.3247192254617746,Yes
1684195200000,Jordan Montgomery,7,5.942666668680293,5.5,1,0,0.4003756592709316,No
1684713600000,Jordan Montgomery,4,5.3738044911241305,5.5,0,1,0.5923374974542239,No
1685232000000,Jordan Montgomery,3,4.572283184982112,4.5,0,0,0.1152789227501245,Yes
1686268800000,Jordan Montgomery,6,4.905768891731069,5.5,1,0,0.10847963750011,No
1686700800000,Jordan Montgomery,7,4.97364067306984,5.5,1,0,0.3548789194318835,No
1683676800000,Josiah Gray,3,5.293782507326498,5.5,0,0,0.073438339642229,Yes
1684195200000,Josiah Gray,5,4.5515948706389455,4.5,1,0,0.1767772794756424,No
1684627200000,Josiah Gray,2,5.663886331517025,5.5,0,0,0.3888098375424559,Yes
1685145600000,Josiah Gray,4,3.95176262478968,4.5,0,0,0.1473364018582367,Yes
1686700800000,Josiah Gray,5,3.3983211163565405,3.5,1,0,0.3889259864831487,No
1685491200000,Julio Teheran,0,4.30151924782496,3.5,0,0,0.3963898827555485,Yes
1686355200000,Julio Teheran,6,4.129316025063717,4.5,1,1,0.5785723668607358,Yes
1683676800000,Justin Steele,3,4.784500337347835,5.5,0,0,0.0784230716809538,Yes
1684195200000,Justin Steele,8,3.681249164981334,4.5,1,0,0.1453335495651188,No
1684627200000,Justin Steele,6,4.548663833909577,5.5,1,0,0.1655077518166815,No
1685059200000,Justin Steele,4,5.397657307420346,5.5,0,0,0.3519404077018606,Yes
1685491200000,Justin Steele,1,4.86210159114745,4.5,0,1,0.641809972042345,No
1683676800000,Justin Verlander,7,6.228075042131221,6.5,1,0,0.1903586941284227,No
1684195200000,Justin Verlander,3,6.697127880469235,6.5,0,1,0.6838379621504995,No
1685145600000,Justin Verlander,2,5.046521328553399,5.5,0,0,0.1558638570604952,Yes
1686182400000,Justin Verlander,3,5.407041759420281,5.5,0,0,0.332838074794249,Yes
1686700800000,Justin Verlander,6,5.449408382299302,6.5,0,0,0.1564711611005709,Yes
1684454400000,Karl Kauffmann,4,2.8291872977006336,3.5,1,0,0.1052319421106785,No
1685318400000,Karl Kauffmann,1,4.026392426683328,3.5,0,0,0.2671472210968138,Yes
1683849600000,Ken Waldichuk,5,5.30625662805331,5.5,0,1,0.5191027635380676,No
1684454400000,Ken Waldichuk,3,4.476951056416505,3.5,0,0,0.3496783949270227,Yes
1683676800000,Kevin Gausman,9,7.143685827829825,6.5,1,1,0.5082871932297736,Yes
1684195200000,Kevin Gausman,10,6.784184391598404,7.5,1,0,0.2875216758865262,No
1684627200000,Kevin Gausman,4,7.337880655278519,6.5,0,1,0.7707845029357371,No
1685059200000,Kevin Gausman,8,6.391680543613361,7.5,1,0,0.1160404519088493,No
1685577600000,Kevin Gausman,11,7.201253840508659,7.5,1,0,0.4513630902550019,No
1686009600000,Kevin Gausman,13,6.977572651260941,7.5,1,0,0.4850512060700127,No
1686441600000,Kevin Gausman,4,8.421448379678107,8.5,0,1,0.6590434442055547,No
1683763200000,Kodai Senga,7,5.859137852108252,5.5,1,0,0.458933356530629,No
1684281600000,Kodai Senga,12,5.588935431912595,5.5,1,1,0.816959103052244,Yes
1685404800000,Kodai Senga,9,5.753049287703198,5.5,1,1,0.7240730265773861,Yes
1686355200000,Kodai Senga,6,4.691604762620597,5.5,1,0,0.0920496041213411,No
1686614400000,Kutter Crawford,5,4.3394793638166815,4.5,1,0,0.2170289770138747,No
1683849600000,Kyle Bradish,6,4.376803574378545,4.5,1,0,0.3269184545287522,No
1684281600000,Kyle Bradish,5,4.447941537937893,5.5,0,0,0.1737816029540544,Yes
1684800000000,Kyle Bradish,3,4.1310000890633365,5.5,0,0,0.1793468018540343,Yes
1685232000000,Kyle Bradish,4,4.256255342457282,4.5,0,0,0.0561874029275647,Yes
1686700800000,Kyle Bradish,1,4.872276527708169,4.5,0,0,0.4986742512017501,Yes
1684022400000,Kyle Freeland,8,4.01135569772832,3.5,1,0,0.4517676300216237,No
1684540800000,Kyle Freeland,0,3.729847955427476,4.5,0,0,0.2106037823262957,Yes
1684972800000,Kyle Freeland,4,4.339683142191633,3.5,1,0,0.3266143289736499,No
1685404800000,Kyle Freeland,1,3.347198839438764,3.5,0,0,0.1539835779800872,Yes
1686787200000,Kyle Freeland,1,3.588233660543381,3.5,0,0,0.2924020967275068,Yes
1684022400000,Kyle Gibson,5,5.169881694016756,4.5,1,1,0.566981518519799,Yes
1684454400000,Kyle Gibson,5,4.057215326144712,4.5,1,0,0.2307647831899479,No
1684972800000,Kyle Gibson,3,3.921921798784231,4.5,0,0,0.4964877336773139,Yes
1685404800000,Kyle Gibson,3,3.439610286960893,3.5,0,0,0.283483712296842,Yes
1686009600000,Kyle Gibson,7,4.47505829055396,4.5,1,0,0.384832292815066,No
1686441600000,Kyle Gibson,4,4.155785909380309,4.5,0,0,0.293780697572214,Yes
1684972800000,Kyle Hendricks,5,4.191457218721978,3.5,1,0,0.1876702334012838,No
1685404800000,Kyle Hendricks,3,4.524953332226412,3.5,0,1,0.740608231278161,No
1683676800000,Kyle Muller,6,3.3515346932146426,3.5,1,0,0.2481943770260211,No
1684195200000,Kyle Muller,3,3.906686546253224,4.5,0,0,0.4008392983929761,Yes
1684713600000,Kyle Muller,3,4.205607971103038,4.5,0,0,0.3780647740758308,Yes
1683676800000,Lance Lynn,4,6.054619891401448,5.5,0,1,0.5016367683786762,No
1685059200000,Lance Lynn,5,6.471679241315247,6.5,0,0,0.0712832365112738,Yes
1685491200000,Lance Lynn,4,7.006110458250396,6.5,0,0,0.2220357839721008,Yes
1686182400000,Lance Lynn,4,5.751890785192106,5.5,0,0,0.1431287685080458,Yes
1686614400000,Lance Lynn,6,5.596015608003287,5.5,1,0,0.3686733114318613,No
1683849600000,Logan Allen,5,4.656882998402674,4.5,1,0,0.1801159081771678,No
1684368000000,Logan Allen,5,4.973286427304102,5.5,0,0,0.3108328374135189,Yes
1684800000000,Logan Allen,4,5.382818597308728,5.5,0,0,0.2811027378092119,Yes
1685318400000,Logan Allen,10,4.748932705154723,4.5,1,0,0.2200623746310273,No
1686268800000,Logan Allen,4,4.236358150592048,4.5,0,0,0.3359355199858226,Yes
1686787200000,Logan Allen,2,4.7804204292728425,4.5,0,0,0.4145786934054473,Yes
1684022400000,Logan Gilbert,4,5.8261552958204295,6.5,0,0,0.272156150481962,Yes
1684972800000,Logan Gilbert,6,7.071312801940307,7.5,0,0,0.3956119724752651,Yes
1685404800000,Logan Gilbert,4,5.89282763561133,5.5,0,1,0.5853055293545778,No
1686009600000,Logan Gilbert,6,5.058316229363606,5.5,1,0,0.1622611709204146,No
1686441600000,Logan Gilbert,2,5.443050188330135,5.5,0,0,0.4562016997753681,Yes
1683590400000,Logan Webb,7,4.505323577978926,5.5,1,0,0.1561711185962593,No
1684022400000,Logan Webb,3,5.387553118996892,5.5,0,0,0.2969198871901747,Yes
1684540800000,Logan Webb,7,5.643927956615791,5.5,1,0,0.2355555128842419,No
1685145600000,Logan Webb,11,5.93742855713145,5.5,1,0,0.3391991957259269,No
1686096000000,Logan Webb,3,5.387686910627669,5.5,0,0,0.1908376192601647,Yes
1686528000000,Logan Webb,6,5.011302758817745,5.5,1,0,0.0773389476927829,No
1683590400000,Louie Varland,6,4.732766874458501,4.5,1,1,0.6406109428193496,Yes
1684022400000,Louie Varland,7,5.584593757784499,5.5,1,1,0.6649650680946894,Yes
1684540800000,Louie Varland,4,4.480420617501616,5.5,0,0,0.077678007989194,Yes
1685059200000,Louie Varland,3,4.542141751045636,4.5,0,0,0.2408461609083358,Yes
1685491200000,Louie Varland,5,4.2399394867209645,4.5,1,0,0.1564385067446413,No
1686009600000,Louie Varland,5,4.93743351666962,4.5,1,0,0.3869005048256994,No
1686441600000,Louie Varland,6,4.377430937350003,4.5,1,0,0.1580204609996468,No
1683590400000,Lucas Giolito,9,5.360854901612454,5.5,1,0,0.2985322601867594,No
1684022400000,Lucas Giolito,6,5.672910424170117,5.5,1,1,0.5979676535415451,Yes
1684540800000,Lucas Giolito,4,6.025140263901395,6.5,0,0,0.2265976422399329,Yes
1684972800000,Lucas Giolito,4,5.838896170782855,5.5,0,0,0.1402565656829778,Yes
1685404800000,Lucas Giolito,5,6.540912702680341,6.5,0,0,0.173739055376307,Yes
1686441600000,Lucas Giolito,8,6.063180261283564,5.5,1,1,0.6827291181925673,Yes
1683676800000,Luis Castillo,9,7.066149045369575,6.5,1,0,0.3927704857995625,No
1684195200000,Luis Castillo,6,5.346599578224901,5.5,1,0,0.4267755914696661,No
1684713600000,Luis Castillo,8,7.400642940361664,7.5,1,0,0.4215795713516777,No
1685145600000,Luis Castillo,10,8.108102212319883,7.5,1,1,0.7124851023296721,Yes
1686268800000,Luis Castillo,10,7.037130826373988,6.5,1,0,0.3797071620423348,No
1686700800000,Luis Castillo,6,7.084491893923556,6.5,0,1,0.8017720121580909,No
1684281600000,Luis Medina,6,4.614113075678108,3.5,1,1,0.6705349640444598,Yes
1684800000000,Luis Medina,4,5.092996204711333,4.5,0,0,0.3972471197897002,Yes
1686700800000,Luis Medina,5,4.181573864324695,4.5,1,1,0.6755387263782358,Yes
1683590400000,Luis Ortiz,1,4.03904691122911,4.5,0,0,0.4030360356436889,Yes
1684195200000,Luis Ortiz,3,4.509733410173931,4.5,0,0,0.1052625362813328,Yes
1684713600000,Luis Ortiz,4,4.8574370116238565,4.5,0,0,0.2509227881422577,Yes
1685232000000,Luis Ortiz,6,3.921352827475757,4.5,1,0,0.0825627422297172,No
1684627200000,Luis Severino,5,4.952263971791644,5.5,0,0,0.0652034406244848,Yes
1685145600000,Luis Severino,5,5.5888646757792175,5.5,0,0,0.2993296089709756,Yes
1686182400000,Luis Severino,6,4.789555011242183,5.5,1,0,0.0910063884382642,No
1686614400000,Luis Severino,4,5.255800083328734,5.5,0,0,0.1650089488034901,Yes
1683590400000,Luke Weaver,2,4.638848220185537,4.5,0,0,0.3491975001451718,Yes
1684022400000,Luke Weaver,6,4.856062724885568,4.5,1,0,0.3029249926830237,No
1684972800000,Luke Weaver,6,4.277164041086301,4.5,1,0,0.1858101695507148,No
1685491200000,Luke Weaver,5,3.94154569182354,3.5,1,0,0.268117717013803,No
1686009600000,Luke Weaver,4,4.407102534246264,4.5,0,0,0.2132209364443542,Yes
1686528000000,Luke Weaver,3,4.095821930847863,4.5,0,0,0.1045284786935046,Yes
1683849600000,MacKenzie Gore,3,6.183808022494403,5.5,0,0,0.469636274931311,Yes
1684281600000,MacKenzie Gore,7,6.261210734393391,6.5,1,0,0.2254619690108258,No
1684800000000,MacKenzie Gore,5,5.520073636867271,5.5,0,1,0.7524000600067293,No
1685232000000,MacKenzie Gore,11,4.088085169031754,5.5,1,0,0.0624156272409036,No
1686355200000,MacKenzie Gore,3,6.5843617808645485,6.5,0,0,0.282129621687883,Yes
1686787200000,MacKenzie Gore,4,5.401285472244237,5.5,0,0,0.1594940879452096,Yes
1683849600000,Marco Gonzales,2,3.660616740393028,4.5,0,0,0.0822190532996421,Yes
1684281600000,Marco Gonzales,1,4.19094532819952,3.5,0,0,0.1192674069160499,Yes
1684800000000,Marco Gonzales,4,4.304307663901426,4.5,0,0,0.2372215935520077,Yes
1685232000000,Marco Gonzales,4,4.370470480772856,4.5,0,0,0.4098570266689861,Yes
1684022400000,Marcus Stroman,3,4.697440110954828,5.5,0,0,0.0736658466661702,Yes
1684454400000,Marcus Stroman,4,4.668560671774376,4.5,0,0,0.3014537346395729,Yes
1685318400000,Marcus Stroman,8,5.297562663017352,4.5,1,1,0.6607736392536433,Yes
1684800000000,Matt Strahm,3,3.816166934557027,4.5,0,0,0.3895868142799414,Yes
1685059200000,Matthew Liberatore,2,3.235822002379127,4.5,0,0,0.0376238371665694,Yes
1686009600000,Matthew Liberatore,2,3.746501764296198,3.5,0,0,0.1115065000012674,Yes
1686528000000,Matthew Liberatore,5,4.2562756456751565,4.5,1,0,0.0547591228646345,No
1684022400000,Max Scherzer,6,3.808030682293276,5.5,1,0,0.0547725717453626,No
1684627200000,Max Scherzer,5,5.420915139320519,5.5,0,0,0.2281704973707954,Yes
1685059200000,Max Scherzer,8,4.83586611821736,5.5,1,0,0.3040104307930353,No
1685577600000,Max Scherzer,9,6.218908151282044,6.5,1,1,0.7816644859453726,Yes
1686096000000,Max Scherzer,10,6.5378357613346525,6.5,1,1,0.6893437289143501,Yes
1686614400000,Max Scherzer,2,7.043273086901926,7.5,0,1,0.5643128934364927,No
1683676800000,Merrill Kelly,6,6.218434114402554,5.5,1,1,0.5474378008863101,Yes
1684108800000,Merrill Kelly,9,5.467886063468897,6.5,1,0,0.1151288442502973,No
1684627200000,Merrill Kelly,4,5.5480771875408585,5.5,0,0,0.2500023199365202,Yes
1685232000000,Merrill Kelly,10,4.653661533309244,4.5,1,0,0.2271542653291954,No
1686268800000,Merrill Kelly,5,5.639101605403726,6.5,0,0,0.1049054792490242,Yes
1686700800000,Merrill Kelly,7,6.175168951527241,5.5,1,0,0.2007912377493856,No
1686787200000,Michael Grove,7,4.28750660164144,4.5,1,1,0.6639981177592438,Yes
1683849600000,Michael Kopech,5,4.070315099107104,4.5,1,0,0.0893194896022104,No
1684454400000,Michael Kopech,10,5.111520303564279,5.5,1,0,0.1231852181582424,No
1684886400000,Michael Kopech,9,4.475997355088929,4.5,1,0,0.4586318090703055,No
1685318400000,Michael Kopech,10,5.787913534709744,6.5,1,0,0.338381865910645,No
1686355200000,Michael Kopech,6,6.021155458121442,5.5,1,1,0.6218803982086937,Yes
1683590400000,Michael Lorenzen,3,3.142125477178016,3.5,0,0,0.0418243454973134,Yes
1684195200000,Michael Lorenzen,7,4.440575265537822,4.5,1,0,0.3077634190476273,No
1684713600000,Michael Lorenzen,5,4.340679475236834,4.5,1,0,0.1666179084498085,No
1685145600000,Michael Lorenzen,4,4.405878012758175,4.5,0,1,0.5417573436373664,No
1686268800000,Michael Lorenzen,3,4.308654601281792,4.5,0,1,0.69504136040227,No
1686700800000,Michael Lorenzen,3,4.481342226011635,4.5,0,0,0.1651839239710713,Yes
1683590400000,Michael Wacha,4,4.387832007545058,4.5,0,0,0.3942604853472488,Yes
1684108800000,Michael Wacha,11,4.350526502376559,4.5,1,0,0.3605093526292485,No
1684627200000,Michael Wacha,4,4.514460399636608,4.5,0,1,0.673326680383404,No
1685145600000,Michael Wacha,4,5.1300135435041785,4.5,0,1,0.5036085412434016,No
1686096000000,Michael Wacha,7,5.9299098014838165,5.5,1,0,0.4251011134636199,No
1686700800000,Michael Wacha,5,4.387286818544635,4.5,1,0,0.4858167566208843,No
1683763200000,Mike Clevinger,2,4.149295051866298,4.5,0,0,0.1885076072846575,Yes
1684281600000,Mike Clevinger,5,3.7821432266482575,4.5,1,0,0.1123162329018861,No
1686700800000,Mike Clevinger,5,4.049697428565428,4.5,1,0,0.1266965495329224,No
1684022400000,Miles Mikolas,0,3.6893330771095534,3.5,0,0,0.3403831038866324,Yes
1684540800000,Miles Mikolas,2,4.673403568738988,4.5,0,0,0.1653032010492069,Yes
1684972800000,Miles Mikolas,5,3.592360655636225,4.5,1,0,0.1552441846196733,No
1685404800000,Miles Mikolas,10,4.076172785669575,4.5,1,0,0.1257614650871614,No
1686355200000,Miles Mikolas,2,4.807352358248694,4.5,0,0,0.3894640071628086,Yes
1684022400000,Mitch Keller,13,4.86867838365218,4.5,1,0,0.3244498709507731,No
1684540800000,Mitch Keller,8,5.572386212266508,5.5,1,0,0.4597047613165781,No
1685059200000,Mitch Keller,8,6.335154597111583,6.5,1,1,0.5361499396512243,Yes
1685491200000,Mitch Keller,8,5.530363822001087,6.5,1,0,0.1117381769360709,No
1686009600000,Mitch Keller,1,6.022813069624819,6.5,0,0,0.3329941285935702,Yes
1686441600000,Mitch Keller,7,3.4537928580192485,5.5,1,0,0.0472219307964553,No
1684281600000,Nathan Eovaldi,5,6.526426402570591,6.5,0,1,0.5051364806887824,No
1684800000000,Nathan Eovaldi,5,4.933248738408597,5.5,0,0,0.2424387223232495,Yes
1685318400000,Nathan Eovaldi,4,6.693601658192256,6.5,0,0,0.0984355409850621,Yes
1686355200000,Nathan Eovaldi,6,5.152925002799672,5.5,1,1,0.5434453174000444,Yes
1686787200000,Nathan Eovaldi,9,6.053025933209063,6.5,1,0,0.1686659957186717,No
1683936000000,Nestor Cortes,3,4.944177706766331,4.5,0,1,0.6122986009995696,No
1684368000000,Nestor Cortes,6,4.213495011264816,4.5,1,0,0.1687184188656465,No
1684886400000,Nestor Cortes,5,6.036982607307361,5.5,0,1,0.582738365291576,No
1685404800000,Nestor Cortes,6,6.604473323934172,6.5,0,0,0.1986027474279144,Yes
1683590400000,Nick Pivetta,2,5.242092143951082,4.5,0,1,0.5510397019710597,No
1684195200000,Nick Pivetta,6,5.856006268672826,5.5,1,0,0.3647779509258321,No
1683590400000,Noah Syndergaard,0,4.279489604380625,3.5,0,0,0.1369816869772765,Yes
1684108800000,Noah Syndergaard,5,2.6234360367391174,3.5,1,0,0.1020248878040743,No
1684540800000,Noah Syndergaard,4,3.294798671371317,3.5,1,0,0.096196027370296,No
1685059200000,Noah Syndergaard,3,4.877368217350296,3.5,0,1,0.6271393084296338,No
1685491200000,Noah Syndergaard,2,4.058710665601244,3.5,0,0,0.4621069122522783,Yes
1686096000000,Noah Syndergaard,3,3.780601700346085,4.5,0,0,0.0560463102862778,Yes
1683590400000,Patrick Corbin,3,3.879386463838598,4.5,0,0,0.1381423318019806,Yes
1684108800000,Patrick Corbin,1,3.271457148905374,3.5,0,0,0.3161299102978703,Yes
1684540800000,Patrick Corbin,3,4.181912465672404,4.5,0,0,0.3707185029660683,Yes
1685059200000,Patrick Corbin,6,3.097692509787792,3.5,1,0,0.0283596073592388,No
1685491200000,Patrick Corbin,2,4.36902869863616,4.5,0,0,0.1429574308615057,Yes
1686096000000,Patrick Corbin,4,4.371138916743829,3.5,1,1,0.575018308592263,Yes
1686614400000,Patrick Corbin,5,3.1008329093825,3.5,1,0,0.3894920391101649,No
1684022400000,Patrick Sandoval,5,3.710703754378728,4.5,1,0,0.1138516984416811,No
1684540800000,Patrick Sandoval,3,4.836378089971009,5.5,0,0,0.158257423554411,Yes
1685232000000,Patrick Sandoval,2,4.854771965684734,4.5,0,1,0.6845292744751333,No
1686355200000,Patrick Sandoval,8,4.660821678032609,5.5,1,0,0.1272101288962574,No
1685318400000,Paul Blackburn,6,4.154810927095917,3.5,1,0,0.3863812397225525,No
1686355200000,Paul Blackburn,5,4.498184266892284,4.5,1,0,0.2473535308098523,No
1686787200000,Paul Blackburn,9,4.74758527893115,3.5,1,1,0.5782226482786028,Yes
1683676800000,Peyton Battenfield,4,4.791742179875143,4.5,0,1,0.8433602852775466,No
1684281600000,Peyton Battenfield,2,4.588855287639569,4.5,0,0,0.4230406747101893,Yes
1683936000000,Reid Detmers,3,4.413715161289423,5.5,0,0,0.036322059477116,Yes
1684454400000,Reid Detmers,12,5.4591191229308205,5.5,1,0,0.2247670672476925,No
1685059200000,Reid Detmers,5,6.591216540011287,5.5,0,0,0.4806246105363458,Yes
1685577600000,Reid Detmers,2,4.659270252127024,5.5,0,0,0.1152786650308905,Yes
1686182400000,Reid Detmers,8,5.839653400438543,6.5,1,0,0.3954330018968539,No
1686700800000,Reid Detmers,8,6.00194980616588,5.5,1,0,0.4434654337550045,No
1683676800000,Rich Hill,4,5.353375655454237,5.5,0,1,0.5241966929270043,No
1684281600000,Rich Hill,7,4.423074473005639,4.5,1,0,0.1483869954666699,No
1684800000000,Rich Hill,9,4.232433397482331,4.5,1,0,0.4138372696381225,No
1685318400000,Rich Hill,3,4.892839591876188,5.5,0,0,0.1666374469758189,Yes
1686268800000,Rich Hill,6,3.893235748521611,4.5,1,0,0.1974654230626833,No
1683936000000,Roansy Contreras,1,4.104851252517615,4.5,0,0,0.2388639492337165,Yes
1684627200000,Roansy Contreras,3,4.656513005789623,3.5,0,1,0.6833735663459347,No
1686096000000,Roansy Contreras,1,4.3783126253396,5.5,0,0,0.2885493983130299,Yes
1686096000000,Ronel Blanco,5,4.758875948937941,4.5,1,0,0.3558844923833134,No
1684281600000,Ross Stripling,2,3.801059707909325,3.5,0,0,0.3547273895316093,Yes
1683936000000,Ryan Feltner,0,3.609879583500585,3.5,0,0,0.260075975745145,Yes
1684281600000,Ryne Nelson,6,4.597984482496867,4.5,1,0,0.1433783704447906,No
1684800000000,Ryne Nelson,4,4.06140083534087,3.5,1,1,0.5704306656286906,Yes
1685318400000,Ryne Nelson,1,4.086118628113366,4.5,0,0,0.4074602508976896,Yes
1686355200000,Ryne Nelson,4,3.987316189480148,4.5,0,0,0.1825838905481752,Yes
1686787200000,Ryne Nelson,5,4.222330243899831,4.5,1,0,0.1307246091266437,No
1684454400000,Sandy Alcantara,5,5.763425759559779,6.5,0,0,0.1545117830852985,Yes
1684886400000,Sandy Alcantara,3,5.246211094156004,5.5,0,0,0.1175896705565764,Yes
1685404800000,Sandy Alcantara,3,5.535198875403286,5.5,0,0,0.3270468175384561,Yes
1686355200000,Sandy Alcantara,4,6.154398341034904,5.5,0,0,0.2817072699898834,Yes
1683676800000,Sean Manaea,4,4.544187612169102,4.5,0,1,0.5113853030682844,No
1683676800000,Seth Lugo,5,4.616701247393306,5.5,0,0,0.0830633904117583,Yes
1684195200000,Seth Lugo,2,4.800489395415822,5.5,0,0,0.0914773154812747,Yes
1683590400000,Shane Bieber,9,6.517088015593176,6.5,1,0,0.1604831776062222,No
1685059200000,Shane Bieber,2,4.78226407527093,5.5,0,0,0.1848902403859148,Yes
1686009600000,Shane Bieber,2,4.05718049738861,5.5,0,0,0.0245873335880913,Yes
1686441600000,Shane Bieber,9,3.756012126436538,4.5,1,0,0.1686210505367184,No
1683936000000,Shane McClanahan,3,5.349724918790443,6.5,0,0,0.2410755723716607,Yes
1684454400000,Shane McClanahan,7,7.2317718347778275,7.5,0,0,0.3446288110673188,Yes
1684886400000,Shane McClanahan,7,5.712023209458155,5.5,1,1,0.6678187982869541,Yes
1685404800000,Shane McClanahan,7,6.4696890559738565,6.5,1,1,0.6545497277557072,Yes
1686441600000,Shane McClanahan,5,7.247042134642037,6.5,0,1,0.7316555789861192,No
1683590400000,Shohei Ohtani,7,8.242523854486498,7.5,0,1,0.5582704847957073,No
1683590400000,Shohei Ohtani,7,6.7955910300428135,7.5,0,0,0.1540641552357919,Yes
1684108800000,Shohei Ohtani,5,6.53962348278155,7.5,0,0,0.163410513810929,Yes
1684108800000,Shohei Ohtani,5,5.266486905278582,7.5,0,0,0.053832328449061,Yes
1684627200000,Shohei Ohtani,9,6.61562990077848,8.5,1,0,0.1680804712602646,No
1684627200000,Shohei Ohtani,9,7.857407135861112,8.5,1,0,0.370475563208973,No
1686268800000,Shohei Ohtani,6,6.307979680305131,7.5,0,0,0.1526001101441425,Yes
1686268800000,Shohei Ohtani,6,6.011897355948933,7.5,0,0,0.0589834273676027,Yes
1686787200000,Shohei Ohtani,3,6.797507755792066,7.5,0,0,0.0618124165485181,Yes
1686787200000,Shohei Ohtani,3,5.518994443252925,7.5,0,0,0.1087182349578784,Yes
1683849600000,Sonny Gray,9,5.816087733407362,6.5,1,0,0.4195930492604429,No
1684281600000,Sonny Gray,4,4.990163980675585,5.5,0,1,0.5085383644654716,No
1684800000000,Sonny Gray,6,5.931034147097485,6.5,0,0,0.0926342019020406,Yes
1685318400000,Sonny Gray,3,5.797775207017842,5.5,0,1,0.726612401949422,No
1686268800000,Sonny Gray,5,4.418333103878007,4.5,1,0,0.2126853105871791,No
1686787200000,Sonny Gray,3,5.852731995760807,6.5,0,0,0.2418676609068732,Yes
1683849600000,Spencer Strider,12,7.22482338144084,8.5,1,0,0.2214013018786585,No
1684281600000,Spencer Strider,7,7.337173569838653,9.5,0,0,0.1381058491503317,Yes
1684800000000,Spencer Strider,11,7.870566968074152,8.5,1,0,0.300556869417653,No
1685232000000,Spencer Strider,9,9.097535862865335,8.5,1,1,0.8326236063765213,Yes
1686182400000,Spencer Strider,8,7.166091192136596,8.5,0,0,0.2101685942715212,Yes
1686700800000,Spencer Strider,6,7.707121390841555,8.5,0,0,0.2478335610406503,Yes
1683936000000,Steven Matz,4,3.8415344185914666,4.5,0,0,0.0463887558498422,Yes
1684454400000,Steven Matz,6,4.095975451245654,4.5,1,0,0.1236976066622661,No
1684886400000,Steven Matz,2,5.305668660171546,5.5,0,0,0.4480402973810836,Yes
1683849600000,Taijuan Walker,3,4.13609208195496,3.5,0,0,0.3490030939481298,Yes
1684281600000,Taijuan Walker,1,4.672619030691595,4.5,0,0,0.0755552614771143,Yes
1684627200000,Taijuan Walker,3,3.858975110599605,4.5,0,0,0.4484951451062944,Yes
1685059200000,Taijuan Walker,1,4.776325647130101,4.5,0,0,0.1498087674416943,Yes
1685577600000,Taijuan Walker,2,3.87528646491317,3.5,0,0,0.1634111060173764,Yes
1686009600000,Taijuan Walker,8,3.9424628894093297,4.5,1,0,0.2246267216809973,No
1684368000000,Taj Bradley,4,5.03668515121248,4.5,0,1,0.6090675083993992,No
1684800000000,Taj Bradley,7,5.462646509845766,4.5,1,1,0.5222499590141361,Yes
1685318400000,Taj Bradley,8,5.722828921246667,5.5,1,0,0.3955240984977966,No
1686355200000,Taj Bradley,4,6.341493613608218,5.5,0,1,0.8068033355330995,No
1686787200000,Taj Bradley,11,4.973688417674624,5.5,1,0,0.2107804045859092,No
1684022400000,Tanner Bibee,7,4.980108335597454,5.5,1,0,0.0555198457028259,No
1684627200000,Tanner Bibee,3,3.854300795623032,4.5,0,0,0.3153254199506024,Yes
1685145600000,Tanner Bibee,9,4.566356376608886,4.5,1,0,0.1692779014505991,No
1685577600000,Tanner Bibee,6,5.029427033843793,5.5,1,0,0.0838267503055966,No
1686614400000,Tanner Bibee,3,4.126040771525747,4.5,0,0,0.4095218774178434,Yes
1684108800000,Tanner Houck,5,4.287919922769079,4.5,1,0,0.2980006053536327,No
1684713600000,Tanner Houck,8,4.593807296741057,4.5,1,0,0.3981582730830696,No
1685232000000,Tanner Houck,4,4.819880820272917,4.5,0,1,0.608489435587463,No
1686355200000,Tanner Houck,6,5.218432793469317,5.5,1,0,0.3567559653844493,No
1684713600000,Tommy Henry,5,4.282054684726629,4.5,1,0,0.1927223229265375,No
1685491200000,Tommy Henry,7,4.515796748067083,4.5,1,1,0.5321502610844911,Yes
1686009600000,Tommy Henry,2,3.972805966794261,3.5,0,1,0.6521198288176419,No
1686528000000,Tommy Henry,6,4.416445709312969,4.5,1,0,0.4061898521041922,No
1684022400000,Tony Gonsolin,6,5.194456799798934,4.5,1,1,0.761011064125131,Yes
1684454400000,Tony Gonsolin,3,4.048133237037348,4.5,0,0,0.2065032429694487,Yes
1684886400000,Tony Gonsolin,4,4.926443987071339,4.5,0,0,0.2453269200566587,Yes
1685404800000,Tony Gonsolin,2,4.181503142907311,4.5,0,0,0.1412637151909591,Yes
1686009600000,Tony Gonsolin,5,4.544074256984019,4.5,1,0,0.1170010771311229,No
1686614400000,Tony Gonsolin,6,4.6824387338095885,4.5,1,0,0.2717477546732413,No
1683936000000,Trevor Williams,1,3.9283173796891417,3.5,0,0,0.1881886953620797,Yes
1684368000000,Trevor Williams,5,4.358381704760178,4.5,1,0,0.1303389779661067,No
1684886400000,Trevor Williams,5,4.343186456506956,3.5,1,0,0.4460099129986676,No
1685318400000,Trevor Williams,3,2.9874168130647534,3.5,0,0,0.1192862186567769,Yes
1686441600000,Trevor Williams,6,3.885753527203561,3.5,1,0,0.2854189900778395,No
1686355200000,Triston McKenzie,5,6.252845354629336,6.5,0,0,0.2853900667457438,Yes
1683849600000,Tyler Anderson,1,4.274022578799464,3.5,0,0,0.3562448887959111,Yes
1684368000000,Tyler Anderson,2,4.147109425635782,4.5,0,0,0.1554594407017721,Yes
1684886400000,Tyler Anderson,3,3.450862091543385,4.5,0,0,0.0862072858261843,Yes
1685404800000,Tyler Anderson,3,3.891976847238028,4.5,0,0,0.1510364108780113,Yes
1686009600000,Tyler Anderson,5,4.577507004726585,4.5,1,1,0.5269035517468518,Yes
1686528000000,Tyler Anderson,7,4.4857993282525,4.5,1,1,0.5011144079461005,Yes
1685145600000,Tyler Glasnow,8,3.650024688066356,6.5,1,0,0.0364324882112368,No
1686268800000,Tyler Glasnow,6,8.237506107974088,7.5,0,0,0.4713979625007307,Yes
1686700800000,Tyler Glasnow,6,6.400517189029898,8.5,0,0,0.0439921782246132,Yes
1683936000000,Tyler Wells,8,4.535674338067961,4.5,1,0,0.3301284402616911,No
1684368000000,Tyler Wells,7,4.583262534805857,5.5,1,0,0.39990713712511,No
1684886400000,Tyler Wells,8,4.831426008326534,4.5,1,1,0.6657675342882096,Yes
1685318400000,Tyler Wells,7,4.441823261195656,4.5,1,0,0.2938349105253434,No
1686268800000,Tyler Wells,4,4.917020197129351,6.5,0,0,0.329437162650406,Yes
1686787200000,Tyler Wells,8,4.941779140464142,4.5,1,0,0.201571211604489,No
1683849600000,Tylor Megill,4,4.434135756640301,3.5,1,1,0.6540005857407817,Yes
1684368000000,Tylor Megill,4,4.407671376307802,4.5,0,1,0.6455476428121687,No
1685232000000,Tylor Megill,3,3.719703019330407,3.5,0,0,0.1790233729011716,Yes
1686268800000,Tylor Megill,1,4.421248706289257,4.5,0,0,0.2769277799288379,Yes
1683676800000,Wade Miley,3,4.571427655101124,4.5,0,0,0.2531260251513497,Yes
1684195200000,Wade Miley,0,3.934815589070994,3.5,0,0,0.3036415614943563,Yes
1683763200000,Yu Darvish,7,5.91526976985947,6.5,1,0,0.1788443727755365,No
1684800000000,Yu Darvish,4,6.180927739171729,5.5,0,1,0.6473591942180957,No
1685232000000,Yu Darvish,2,5.438856173243111,5.5,0,0,0.1387622463520371,Yes
1686268800000,Yu Darvish,6,5.919880042721391,5.5,1,1,0.5679667263194538,Yes
1684022400000,Yusei Kikuchi,7,4.74477156497712,5.5,1,0,0.0871006462284998,No
1684454400000,Yusei Kikuchi,3,5.496418685708939,5.5,0,1,0.7545032379488682,No
1684886400000,Yusei Kikuchi,5,4.011685048068237,4.5,1,0,0.3147300778408339,No
1685404800000,Yusei Kikuchi,4,5.960889785883566,5.5,0,0,0.4906162317709707,Yes
1686268800000,Yusei Kikuchi,4,5.355824203371074,5.5,0,1,0.7588419215202011,No
1686787200000,Yusei Kikuchi,7,4.434577803990423,5.5,1,0,0.0827839124353668,No
1683936000000,Zac Gallen,6,6.737701695317613,6.5,0,0,0.4224042016159091,Yes
1684454400000,Zac Gallen,2,6.598034594677543,6.5,0,0,0.0739562984039885,Yes
1684886400000,Zac Gallen,3,5.9823976047943015,6.5,0,0,0.067434408129675,Yes
1685404800000,Zac Gallen,7,6.23790779314097,6.5,1,0,0.2117502199128265,No
1686441600000,Zac Gallen,5,6.194180480859823,6.5,0,0,0.1060030236346811,Yes
1685145600000,Zach Davies,3,4.107732459449204,3.5,0,0,0.2085430825654018,Yes
1685577600000,Zach Davies,4,3.974788561998497,4.5,0,0,0.255516435162546,Yes
1686096000000,Zach Davies,8,4.146783048152519,3.5,1,1,0.7146227154129535,Yes
1686614400000,Zach Davies,4,4.5027618106241,3.5,1,1,0.9289119392314252,Yes
1683590400000,Zach Eflin,4,5.065796248188536,4.5,0,1,0.6020306646964922,No
1684022400000,Zach Eflin,9,5.402478614203652,4.5,1,1,0.5967476040126102,Yes
1684972800000,Zach Eflin,0,5.9293986089584,4.5,0,1,0.7206597465940129,No
1685491200000,Zach Eflin,5,4.656601018574992,5.5,0,0,0.4537133126400511,Yes
1686009600000,Zach Eflin,9,5.442170699628536,5.5,1,0,0.1320797024410031,No
1686528000000,Zach Eflin,6,5.100264096155041,5.5,1,0,0.1398507366740544,No
1683936000000,Zack Greinke,5,3.7566265423018135,3.5,1,0,0.2500815370911518,No
1684454400000,Zack Greinke,4,4.089175377438759,3.5,1,0,0.3662750927034892,No
1684886400000,Zack Greinke,5,3.615655691751964,3.5,1,0,0.2396081383042937,No
1686009600000,Zack Greinke,3,4.606750368858534,3.5,0,1,0.6895729309088069,No
1686528000000,Zack Greinke,4,4.151480036894453,3.5,1,0,0.2525003676089912,No
1683676800000,Zack Wheeler,7,5.799748758404784,6.5,1,0,0.2240382065953161,No
1684195200000,Zack Wheeler,8,5.722377174763681,6.5,1,0,0.1528036011982259,No
1684713600000,Zack Wheeler,3,7.2417902555527025,6.5,0,1,0.7647355710819879,No
1685145600000,Zack Wheeler,12,7.25100859695048,6.5,1,0,0.4637888168459163,No
1686614400000,Zack Wheeler,7,5.933704672265745,6.5,1,0,0.4457055418535663,No
