Date,Player,SO_y,predictedStrikeouts
2023-03-30,Shane Bieber,3,2.892601052870735
2023-04-04,Shane Bieber,7,3.3263138596013317
2023-04-10,Shane Bieber,4,4.634463185475793
2023-04-16,Shane Bieber,4,4.732885304399296
2023-04-22,Shane Bieber,4,3.94233516381606
2023-04-28,Shane Bieber,4,4.135841258936055
2023-05-03,Shane Bieber,4,4.348668361182243
2023-05-09,Shane Bieber,9,4.196046626603191
2023-05-16,Shane Bieber,4,4.986944710592932
2023-05-21,Shane Bieber,4,4.346848130622945
2023-05-26,Shane Bieber,2,3.925091150662832
2023-05-31,Shane Bieber,4,4.233765745964729
2023-06-06,Shane Bieber,2,3.685863013513501
2023-06-11,Shane Bieber,9,3.505633562400137
2023-03-30,Luis Castillo,6,2.976512967089435
2023-04-04,Luis Castillo,6,4.850626810523352
2023-04-10,Luis Castillo,5,5.6419158173845005
2023-04-16,Luis Castillo,9,6.237671668426531
2023-04-22,Luis Castillo,8,6.983959042883738
2023-04-28,Luis Castillo,4,6.173058364840637
2023-05-05,Luis Castillo,5,6.906994808939038
2023-05-10,Luis Castillo,9,6.15152811244179
2023-05-16,Luis Castillo,6,5.28641143593738
2023-05-22,Luis Castillo,8,7.641540281927525
2023-05-27,Luis Castillo,10,7.523956465206641
2023-06-02,Luis Castillo,6,6.2228173881205615
2023-06-09,Luis Castillo,10,5.427940565956297
2023-06-14,Luis Castillo,6,6.744113924455082
2023-03-30,Blake Snell,9,4.086049098245372
2023-04-06,Blake Snell,2,6.665670840457967
2023-04-12,Blake Snell,5,4.980205137821027
2023-04-18,Blake Snell,5,5.281079527303898
2023-04-25,Blake Snell,5,5.418513761948132
2023-05-01,Blake Snell,7,5.500429908136028
2023-05-06,Blake Snell,6,5.567410877450698
2023-05-12,Blake Snell,4,5.661638226337904
2023-05-19,Blake Snell,5,5.482641440565768
2023-05-25,Blake Snell,6,4.5013141179655465
2023-05-31,Blake Snell,7,5.236132304548959
2023-06-05,Blake Snell,8,6.18906586559763
2023-06-11,Blake Snell,12,5.516859336503241
2023-03-30,Germán Márquez,5,3.636669293702522
2023-04-04,Germán Márquez,4,4.1476798630287455
2023-04-10,Germán Márquez,4,4.070088549537196
2023-04-26,Germán Márquez,4,3.1621328350801066
2023-03-30,Alek Manoah,3,2.77602968365938
2023-04-05,Alek Manoah,5,3.2660976367672347
2023-04-11,Alek Manoah,3,5.301055259402005
2023-04-16,Alek Manoah,5,4.004011763144739
2023-04-22,Alek Manoah,5,4.236528407496108
2023-04-28,Alek Manoah,7,3.814954409824255
2023-05-03,Alek Manoah,3,3.739191119751721
2023-05-09,Alek Manoah,1,4.013417585483815
2023-05-15,Alek Manoah,3,3.539027250890608
2023-05-20,Alek Manoah,5,4.380445446052393
2023-05-25,Alek Manoah,6,3.856568589082829
2023-05-31,Alek Manoah,2,4.149204651001689
2023-06-05,Alek Manoah,0,3.9322304505464847
2023-03-30,Miles Mikolas,6,3.613564617072671
2023-04-05,Miles Mikolas,6,4.904328355512915
2023-04-11,Miles Mikolas,3,5.251681886225238
2023-04-16,Miles Mikolas,4,5.433989882947032
2023-04-22,Miles Mikolas,4,4.534229780420487
2023-04-27,Miles Mikolas,6,3.2794538076109
2023-05-03,Miles Mikolas,5,4.165713982122938
2023-05-08,Miles Mikolas,7,4.210286637672439
2023-05-14,Miles Mikolas,0,4.034459815363874
2023-05-20,Miles Mikolas,2,4.050156140533143
2023-05-25,Miles Mikolas,5,3.8324944283101536
2023-05-30,Miles Mikolas,10,4.096445724139383
2023-06-04,Miles Mikolas,2,4.320846942141306
2023-06-10,Miles Mikolas,2,4.6541116683554
2023-03-30,Shohei Ohtani,10,2.720217663379462
2023-03-30,Shohei Ohtani,10,6.662994740773636
2023-04-05,Shohei Ohtani,8,6.339383426356189
2023-04-05,Shohei Ohtani,8,7.199953783012041
2023-04-11,Shohei Ohtani,6,6.040652074306657
2023-04-11,Shohei Ohtani,6,6.464715162165044
2023-04-17,Shohei Ohtani,3,5.065131912174832
2023-04-17,Shohei Ohtani,3,3.665325277233231
2023-04-21,Shohei Ohtani,11,4.3393700815697525
2023-04-21,Shohei Ohtani,11,8.533950201619676
2023-04-27,Shohei Ohtani,8,6.419187868918887
2023-04-27,Shohei Ohtani,8,6.052850735237212
2023-05-03,Shohei Ohtani,13,7.452209651181563
2023-05-03,Shohei Ohtani,13,6.027322132086319
2023-05-09,Shohei Ohtani,7,6.642543135447035
2023-05-09,Shohei Ohtani,7,7.072786156418097
2023-05-15,Shohei Ohtani,5,6.296503795223566
2023-05-15,Shohei Ohtani,5,5.712300709158178
2023-05-21,Shohei Ohtani,9,6.230972197522305
2023-05-21,Shohei Ohtani,9,7.700059581297157
2023-05-27,Shohei Ohtani,10,7.400087204247511
2023-05-27,Shohei Ohtani,10,8.393687445625375
2023-06-02,Shohei Ohtani,6,6.251002527013514
2023-06-02,Shohei Ohtani,6,6.345113101428844
2023-06-09,Shohei Ohtani,6,6.283457107200088
2023-06-09,Shohei Ohtani,6,6.144090686976293
2023-06-15,Shohei Ohtani,3,4.9703026868771705
2023-06-15,Shohei Ohtani,3,4.425976498170972
2023-03-30,Kyle Muller,3,2.613920043052988
2023-04-05,Kyle Muller,5,2.799819906216303
2023-04-11,Kyle Muller,3,4.22681219566293
2023-04-17,Kyle Muller,3,4.140490493680295
2023-04-23,Kyle Muller,3,3.613999439594696
2023-04-29,Kyle Muller,3,4.080484792020338
2023-05-05,Kyle Muller,1,2.994433707290024
2023-05-10,Kyle Muller,6,3.3127562812216564
2023-05-16,Kyle Muller,3,4.18361050154297
2023-05-22,Kyle Muller,3,3.821820763353964
2023-03-30,Gerrit Cole,11,3.745111836757968
2023-04-05,Gerrit Cole,8,6.63678346610001
2023-04-11,Gerrit Cole,3,5.861554848840954
2023-04-16,Gerrit Cole,10,6.796294109170106
2023-04-22,Gerrit Cole,4,7.232770220655646
2023-04-27,Gerrit Cole,8,5.894299960727237
2023-05-02,Gerrit Cole,8,6.251214335844938
2023-05-07,Gerrit Cole,6,7.432071410004343
2023-05-12,Gerrit Cole,4,7.632424340753981
2023-05-17,Gerrit Cole,6,5.601700697118275
2023-05-23,Gerrit Cole,2,7.75585604118645
2023-05-28,Gerrit Cole,9,6.326712701579623
2023-06-03,Gerrit Cole,5,6.026254775160619
2023-06-09,Gerrit Cole,6,5.869728237555015
2023-06-14,Gerrit Cole,8,5.802825561819425
2023-03-30,Logan Webb,12,3.385253980013498
2023-04-05,Logan Webb,4,6.356650304154665
2023-04-10,Logan Webb,6,6.284416862322538
2023-04-17,Logan Webb,6,5.692597236395259
2023-04-22,Logan Webb,8,6.1539233686271535
2023-04-27,Logan Webb,7,5.652654071822671
2023-05-03,Logan Webb,5,5.792708029942011
2023-05-09,Logan Webb,7,5.424952475637622
2023-05-14,Logan Webb,3,6.880309808365498
2023-05-20,Logan Webb,7,5.716576897743686
2023-05-27,Logan Webb,11,6.253630475331572
2023-06-02,Logan Webb,6,6.21949858829761
2023-06-07,Logan Webb,3,5.229674348439888
2023-06-12,Logan Webb,6,5.176873404350113
2023-03-30,Jacob deGrom,7,3.326586483297369
2023-04-05,Jacob deGrom,11,5.668779930136835
2023-04-11,Jacob deGrom,9,7.562407463795559
2023-04-17,Jacob deGrom,5,8.153071116630965
2023-04-23,Jacob deGrom,11,6.732347419531217
2023-04-28,Jacob deGrom,2,6.503075370197668
2023-03-30,Aaron Nola,4,3.0350869757955405
2023-04-05,Aaron Nola,5,2.897374924424901
2023-04-11,Aaron Nola,6,4.193952568089418
2023-04-16,Aaron Nola,4,4.988308908465264
2023-04-21,Aaron Nola,3,4.363890370576424
2023-04-28,Aaron Nola,6,3.913043344186323
2023-05-03,Aaron Nola,5,4.351026916568604
2023-05-09,Aaron Nola,6,3.979658982238656
2023-05-14,Aaron Nola,4,3.816957173992625
2023-05-20,Aaron Nola,10,4.690518070933868
2023-05-25,Aaron Nola,7,5.16432293556556
2023-05-31,Aaron Nola,5,5.478204339020897
2023-06-05,Aaron Nola,12,5.916927985820428
2023-06-10,Aaron Nola,7,6.18989876661109
2023-06-15,Aaron Nola,9,5.865946905769783
2023-03-30,Patrick Corbin,3,3.670254284926275
2023-04-05,Patrick Corbin,3,4.108077631217841
2023-04-10,Patrick Corbin,3,3.2846927469795677
2023-04-16,Patrick Corbin,4,3.650141601914705
2023-04-23,Patrick Corbin,6,3.189631300489613
2023-04-29,Patrick Corbin,2,5.086412438127702
2023-05-04,Patrick Corbin,6,3.963465699562472
2023-05-09,Patrick Corbin,3,3.7786664449489646
2023-05-15,Patrick Corbin,1,3.9704626887399503
2023-05-20,Patrick Corbin,3,4.389006021444996
2023-05-26,Patrick Corbin,6,2.9098224479651544
2023-05-31,Patrick Corbin,2,3.3723000687400697
2023-06-07,Patrick Corbin,4,3.782407082960344
2023-06-13,Patrick Corbin,5,4.019625837662375
2023-03-30,Max Fried,2,3.4262926491429666
2023-04-17,Max Fried,4,2.7235890898120427
2023-04-23,Max Fried,5,3.826388807282949
2023-04-28,Max Fried,7,4.038603510915059
2023-05-05,Max Fried,7,4.800606531987671
2023-03-30,Shane McClanahan,6,4.232615701019133
2023-04-05,Shane McClanahan,6,5.294176524647917
2023-04-11,Shane McClanahan,9,5.554504514055328
2023-04-16,Shane McClanahan,6,6.307845852165433
2023-04-22,Shane McClanahan,10,6.854900741863555
2023-04-27,Shane McClanahan,5,7.219039610025522
2023-05-03,Shane McClanahan,9,7.555461711579509
2023-05-08,Shane McClanahan,7,5.859357531133546
2023-05-13,Shane McClanahan,3,5.9124148107214864
2023-05-19,Shane McClanahan,7,6.808944865092327
2023-05-24,Shane McClanahan,7,6.713131524759011
2023-05-30,Shane McClanahan,7,6.779373651701111
2023-06-05,Shane McClanahan,5,5.091269145611418
2023-06-11,Shane McClanahan,5,7.084818142714094
2023-03-30,Eduardo Rodriguez,5,3.207814770366056
2023-04-05,Eduardo Rodriguez,1,4.023920406165061
2023-04-12,Eduardo Rodriguez,3,3.1754573604621936
2023-04-18,Eduardo Rodriguez,10,2.991862404486352
2023-04-23,Eduardo Rodriguez,6,5.187787608823227
2023-04-29,Eduardo Rodriguez,5,4.742555118572946
2023-05-04,Eduardo Rodriguez,9,4.277441502849846
2023-05-10,Eduardo Rodriguez,8,5.719209974695169
2023-05-17,Eduardo Rodriguez,5,6.2989350902577685
2023-05-23,Eduardo Rodriguez,9,4.510585774706834
2023-05-28,Eduardo Rodriguez,6,5.94316249529035
2023-03-30,Mitch Keller,8,3.679403093584496
2023-04-05,Mitch Keller,7,5.632395194950019
2023-04-11,Mitch Keller,7,6.5281876304989055
2023-04-16,Mitch Keller,3,5.5651497341605465
2023-04-21,Mitch Keller,5,5.575143935939995
2023-04-27,Mitch Keller,10,4.699665206576883
2023-05-03,Mitch Keller,8,6.625788932332465
2023-05-08,Mitch Keller,8,6.0220962562068925
2023-05-14,Mitch Keller,13,6.017316687690295
2023-05-20,Mitch Keller,8,6.565636476292314
2023-05-26,Mitch Keller,8,5.657220529219432
2023-05-31,Mitch Keller,8,6.0332664549871735
2023-06-06,Mitch Keller,1,5.475983065972739
2023-06-11,Mitch Keller,7,5.747799330359436
2023-03-30,Hunter Greene,8,4.83213732742456
2023-04-07,Hunter Greene,5,5.521782144607831
2023-04-12,Hunter Greene,10,5.033606605297584
2023-04-17,Hunter Greene,1,7.720875771470493
2023-04-23,Hunter Greene,6,5.28343430521374
2023-04-29,Hunter Greene,10,5.082769161245501
2023-05-05,Hunter Greene,7,7.049542552915611
2023-05-10,Hunter Greene,4,6.6003600075920135
2023-05-15,Hunter Greene,8,5.3901504568900895
2023-05-21,Hunter Greene,10,5.81378789669396
2023-05-26,Hunter Greene,11,6.713739787106136
2023-06-01,Hunter Greene,8,5.770724929136119
2023-06-11,Hunter Greene,9,6.333882717245764
2023-03-30,Dylan Cease,10,3.079826117568729
2023-04-05,Dylan Cease,8,6.88234661147358
2023-04-10,Dylan Cease,6,6.676385908412423
2023-04-16,Dylan Cease,5,6.860524902697217
2023-04-22,Dylan Cease,5,7.306956478111583
2023-04-27,Dylan Cease,3,7.0819591393724695
2023-05-03,Dylan Cease,6,5.708387945554794
2023-05-08,Dylan Cease,6,4.298455576758837
2023-05-13,Dylan Cease,5,5.999370372382488
2023-05-18,Dylan Cease,3,4.721849604881939
2023-05-23,Dylan Cease,3,3.848717454798517
2023-05-28,Dylan Cease,8,4.241757088101061
2023-06-03,Dylan Cease,6,5.822480483210855
2023-06-09,Dylan Cease,7,5.300639647264776
2023-06-15,Dylan Cease,10,5.701711915059033
2023-03-30,Framber Valdez,4,3.3597441922707456
2023-04-04,Framber Valdez,9,4.7654779596516486
2023-04-10,Framber Valdez,5,5.467564370122898
2023-04-16,Framber Valdez,7,6.270586662766842
2023-04-22,Framber Valdez,9,5.792134053812515
2023-04-28,Framber Valdez,3,6.393580456780526
2023-05-03,Framber Valdez,8,5.70651561453146
2023-05-09,Framber Valdez,12,4.849991668533394
2023-05-15,Framber Valdez,8,7.9122230653827055
2023-05-21,Framber Valdez,7,6.939483785035939
2023-05-27,Framber Valdez,5,6.021009810759344
2023-06-02,Framber Valdez,7,6.736402737425181
2023-06-08,Framber Valdez,5,5.690947086774824
2023-06-14,Framber Valdez,6,6.240155178597054
2023-03-30,Marcus Stroman,8,4.475538608124516
2023-04-07,Marcus Stroman,6,6.605658687039089
2023-04-12,Marcus Stroman,6,6.041860298769748
2023-04-18,Marcus Stroman,5,5.46614432130099
2023-04-23,Marcus Stroman,5,5.291652558385011
2023-04-28,Marcus Stroman,3,5.1862922429983485
2023-05-03,Marcus Stroman,5,4.4392929786823245
2023-05-08,Marcus Stroman,6,4.880838229150455
2023-05-14,Marcus Stroman,3,4.462618675844714
2023-05-19,Marcus Stroman,4,4.523572075917665
2023-05-24,Marcus Stroman,3,4.748706805924944
2023-05-29,Marcus Stroman,8,4.933160057012513
2023-06-04,Marcus Stroman,6,5.72318999145843
2023-06-09,Marcus Stroman,5,4.007949397602603
2023-06-15,Marcus Stroman,5,5.184686843496962
2023-03-30,Corbin Burnes,3,3.2156006034551337
2023-04-05,Corbin Burnes,3,3.354282747955663
2023-04-11,Corbin Burnes,8,3.021997441250718
2023-04-17,Corbin Burnes,3,5.241457214326297
2023-04-23,Corbin Burnes,5,4.237205323666718
2023-04-29,Corbin Burnes,5,4.1151593481839255
2023-05-05,Corbin Burnes,5,4.219644426008856
2023-05-12,Corbin Burnes,7,4.634940740532668
2023-05-17,Corbin Burnes,7,4.32397523012716
2023-05-22,Corbin Burnes,5,4.850722701115581
2023-05-27,Corbin Burnes,8,5.21851771467268
2023-06-02,Corbin Burnes,7,5.68486112146105
2023-06-07,Corbin Burnes,9,5.910041754749265
2023-06-13,Corbin Burnes,8,4.924581361790042
2023-03-30,Kyle Gibson,3,2.4920932944678102
2023-04-04,Kyle Gibson,5,3.311601480586482
2023-04-10,Kyle Gibson,4,3.9316046096213446
2023-04-15,Kyle Gibson,1,4.345049279063574
2023-04-22,Kyle Gibson,11,4.223718495044267
2023-04-27,Kyle Gibson,3,5.177231039886191
2023-05-03,Kyle Gibson,0,3.5738523191054368
2023-05-08,Kyle Gibson,4,3.9054212249946048
2023-05-14,Kyle Gibson,5,4.669795779570334
2023-05-19,Kyle Gibson,5,3.947922866527047
2023-05-25,Kyle Gibson,3,4.449052853139605
2023-05-30,Kyle Gibson,3,3.609247633970175
2023-06-06,Kyle Gibson,7,4.157520963696348
2023-06-11,Kyle Gibson,4,4.655684577149049
2023-03-30,Corey Kluber,4,2.4788827903187287
2023-04-05,Corey Kluber,2,4.589227291786127
2023-04-13,Corey Kluber,7,4.012908983483071
2023-04-19,Corey Kluber,4,4.2008903711330445
2023-04-25,Corey Kluber,3,4.543939630601322
2023-05-01,Corey Kluber,7,3.339394872642829
2023-05-06,Corey Kluber,1,5.100472852597127
2023-05-14,Corey Kluber,5,3.546250876703381
2023-05-21,Corey Kluber,1,5.04850525956549
2023-03-30,Max Scherzer,6,3.651542110806634
2023-04-04,Max Scherzer,2,5.395207690471725
2023-04-10,Max Scherzer,6,5.324259773057283
2023-04-19,Max Scherzer,3,4.785394253047209
2023-05-03,Max Scherzer,3,3.754456734736989
2023-05-14,Max Scherzer,6,3.844061198449999
2023-05-21,Max Scherzer,5,5.478764041898308
2023-05-26,Max Scherzer,8,3.737610885728465
2023-06-01,Max Scherzer,9,5.754191790860197
2023-06-07,Max Scherzer,10,5.230867386031735
2023-06-13,Max Scherzer,2,6.153879371476702
2023-03-30,Sandy Alcantara,2,2.7341826163422343
2023-04-04,Sandy Alcantara,5,3.742194631821017
2023-04-10,Sandy Alcantara,4,4.577813249287572
2023-04-16,Sandy Alcantara,9,4.744975659125107
2023-04-26,Sandy Alcantara,6,4.339733380483725
2023-05-02,Sandy Alcantara,5,5.002575590065882
2023-05-07,Sandy Alcantara,9,4.961514313977221
2023-05-13,Sandy Alcantara,9,5.7949157542480805
2023-05-19,Sandy Alcantara,5,4.759573662729291
2023-05-24,Sandy Alcantara,3,4.760832376214249
2023-05-30,Sandy Alcantara,3,6.222578391043342
2023-06-04,Sandy Alcantara,7,5.086041787929253
2023-06-10,Sandy Alcantara,4,5.767632553204803
2023-03-30,Julio Urías,6,3.187006492292327
2023-04-04,Julio Urías,6,5.664104997712875
2023-04-10,Julio Urías,8,4.198697245197806
2023-04-16,Julio Urías,6,7.307809500454107
2023-04-21,Julio Urías,4,5.727062176301221
2023-04-27,Julio Urías,5,3.873357161040672
2023-05-02,Julio Urías,10,5.3220797418575225
2023-05-07,Julio Urías,3,6.524598392908085
2023-05-13,Julio Urías,4,6.0964383442472085
2023-05-18,Julio Urías,1,3.9087367640496016
2023-03-30,Zac Gallen,7,2.627170888323274
2023-04-04,Zac Gallen,3,6.790136877159284
2023-04-10,Zac Gallen,11,4.870862720505982
2023-04-16,Zac Gallen,7,6.8989383016874815
2023-04-21,Zac Gallen,11,6.781640599359346
2023-04-26,Zac Gallen,12,7.788877179752565
2023-05-02,Zac Gallen,6,7.09678156880904
2023-05-08,Zac Gallen,7,7.412027461712677
2023-05-13,Zac Gallen,6,6.560926189952224
2023-05-19,Zac Gallen,2,6.209476818131849
2023-05-24,Zac Gallen,3,6.449065173364119
2023-05-30,Zac Gallen,7,6.69682604699434
2023-06-04,Zac Gallen,6,6.401131795246879
2023-06-11,Zac Gallen,5,5.93882233866639
2023-03-30,Pablo López,8,2.817747342031773
2023-04-05,Pablo López,8,6.457644722014116
2023-04-11,Pablo López,10,6.238949376512913
2023-04-16,Pablo López,7,5.430317439910963
2023-04-22,Pablo López,6,5.781003487457379
2023-04-28,Pablo López,7,6.310498652204919
2023-05-04,Pablo López,8,6.703539418829468
2023-05-10,Pablo López,8,6.963016997298016
2023-05-15,Pablo López,4,6.286577855123784
2023-05-21,Pablo López,9,5.900139459737082
2023-05-27,Pablo López,6,6.1433377776041205
2023-06-01,Pablo López,5,5.166540016145541
2023-06-07,Pablo López,6,6.8480913955935305
2023-06-13,Pablo López,9,5.796072000411105
2023-03-30,Zack Greinke,4,3.069073530318358
2023-04-05,Zack Greinke,4,3.674180493086946
2023-04-10,Zack Greinke,3,3.83676665808748
2023-04-16,Zack Greinke,6,4.33657656623843
2023-04-22,Zack Greinke,2,4.089535767191767
2023-04-27,Zack Greinke,3,3.3932955447365787
2023-05-03,Zack Greinke,3,3.51074678700372
2023-05-08,Zack Greinke,2,3.6634692007804825
2023-05-13,Zack Greinke,5,3.836474533280662
2023-05-19,Zack Greinke,4,4.028317627807604
2023-05-24,Zack Greinke,5,4.082456102870963
2023-05-30,Zack Greinke,6,3.7344868442326495
2023-06-06,Zack Greinke,3,4.712560236652575
2023-06-12,Zack Greinke,4,3.825699311228328
2023-03-31,Kyle Freeland,1,3.580209492381245
2023-04-06,Kyle Freeland,5,2.943908677525472
2023-04-11,Kyle Freeland,5,2.7299879660202206
2023-04-17,Kyle Freeland,1,3.2440438885804856
2023-04-22,Kyle Freeland,6,3.1362421238213214
2023-04-28,Kyle Freeland,3,3.5472532228434868
2023-05-03,Kyle Freeland,5,3.6470203487624793
2023-05-08,Kyle Freeland,4,3.371171211697737
2023-05-14,Kyle Freeland,8,3.37804135348645
2023-05-20,Kyle Freeland,0,4.049821374323083
2023-05-25,Kyle Freeland,4,3.5552466769973257
2023-05-30,Kyle Freeland,1,3.5089222201178725
2023-06-04,Kyle Freeland,1,3.015189465355902
2023-06-10,Kyle Freeland,5,3.739101067337064
2023-06-15,Kyle Freeland,1,3.482844102179488
2023-03-31,Nick Martinez,5,4.071036775819266
2023-04-07,Nick Martinez,4,4.649187549926423
2023-04-13,Nick Martinez,2,5.493121820758882
2023-04-19,Nick Martinez,6,4.578315711465242
2023-03-31,Jesús Luzardo,5,2.6563570129668794
2023-04-05,Jesús Luzardo,10,4.636066659947174
2023-04-11,Jesús Luzardo,5,6.357585692068983
2023-04-17,Jesús Luzardo,6,6.292886358177725
2023-04-23,Jesús Luzardo,6,5.252302928855607
2023-04-28,Jesús Luzardo,6,7.069891299056885
2023-05-04,Jesús Luzardo,5,6.101032790947397
2023-05-09,Jesús Luzardo,5,5.785209674160968
2023-05-16,Jesús Luzardo,7,5.833253827186867
2023-05-21,Jesús Luzardo,8,4.802732069298775
2023-05-26,Jesús Luzardo,7,5.222604549816956
2023-06-01,Jesús Luzardo,8,7.197030283811738
2023-06-06,Jesús Luzardo,8,6.516122660985496
2023-06-12,Jesús Luzardo,3,6.306955265785971
2023-03-31,David Peterson,5,3.4833380239133245
2023-04-05,David Peterson,5,4.851798554959594
2023-04-11,David Peterson,6,5.2332703307335855
2023-04-17,David Peterson,6,4.6205650400839575
2023-04-22,David Peterson,8,4.767172364190595
2023-04-28,David Peterson,6,5.446249100031559
2023-05-09,David Peterson,4,5.6237760772378005
2023-05-15,David Peterson,5,4.416473154601564
2023-03-31,Robbie Ray,3,3.1924179621209143
2023-03-31,Hunter Gaddis,4,2.8648497257906667
2023-04-05,Hunter Gaddis,4,3.2911236169036258
2023-04-11,Hunter Gaddis,3,3.3110561287406512
2023-04-18,Hunter Gaddis,1,3.3045548615890934
2023-05-22,Hunter Gaddis,4,2.7576090268699334
2023-05-28,Hunter Gaddis,3,3.492380069280327
2023-03-31,Cristian Javier,6,3.376880438565964
2023-04-05,Cristian Javier,5,6.897373146313635
2023-04-11,Cristian Javier,3,4.740531279316265
2023-04-17,Cristian Javier,5,5.00720176907793
2023-04-23,Cristian Javier,10,4.749838124422013
2023-04-29,Cristian Javier,6,5.662836842228054
2023-05-05,Cristian Javier,8,6.1352436186573724
2023-05-10,Cristian Javier,11,4.799599991159335
2023-05-16,Cristian Javier,5,7.753934520909752
2023-05-22,Cristian Javier,5,6.87081129898805
2023-05-28,Cristian Javier,3,5.3101034882833895
2023-06-03,Cristian Javier,5,6.197018302227541
2023-06-09,Cristian Javier,2,4.661976756998301
2023-06-15,Cristian Javier,2,5.522054020689866
2023-03-31,Lance Lynn,6,3.1928956332129923
2023-04-06,Lance Lynn,5,5.60399260557661
2023-04-11,Lance Lynn,10,5.044200742213719
2023-04-18,Lance Lynn,7,6.601522397649135
2023-04-24,Lance Lynn,4,6.549164510213934
2023-04-29,Lance Lynn,10,6.71727291066399
2023-05-05,Lance Lynn,8,6.761488378570148
2023-05-10,Lance Lynn,4,6.016550089778454
2023-05-16,Lance Lynn,7,5.62297374375476
2023-05-21,Lance Lynn,6,6.754251518576891
2023-05-26,Lance Lynn,5,6.08234648574704
2023-05-31,Lance Lynn,4,5.420636418212563
2023-06-08,Lance Lynn,4,5.544837255112624
2023-06-13,Lance Lynn,6,6.025766737362766
2023-03-31,Dustin May,4,3.1463016303020166
2023-04-06,Dustin May,5,3.915341192765957
2023-04-11,Dustin May,3,3.6685040406636182
2023-04-17,Dustin May,1,3.3897322484991808
2023-04-22,Dustin May,6,3.506031849930306
2023-04-28,Dustin May,4,3.6686685417849945
2023-05-06,Dustin May,6,4.507981920027128
2023-05-12,Dustin May,3,4.808329683761158
2023-05-17,Dustin May,2,3.710028566208717
2023-03-31,Merrill Kelly,4,2.6846187373901764
2023-04-06,Merrill Kelly,4,3.7256814551081177
2023-04-11,Merrill Kelly,7,4.412823053895408
2023-04-17,Merrill Kelly,3,4.52538548963347
2023-04-22,Merrill Kelly,7,4.215093537639944
2023-04-28,Merrill Kelly,5,4.370281625624914
2023-05-05,Merrill Kelly,10,4.318099752619527
2023-05-10,Merrill Kelly,6,5.941555218572005
2023-05-15,Merrill Kelly,9,4.705962779063486
2023-05-21,Merrill Kelly,4,5.321892693202746
2023-05-28,Merrill Kelly,10,5.225783337262008
2023-06-02,Merrill Kelly,8,6.113993136989322
2023-06-09,Merrill Kelly,5,6.050047988443672
2023-06-14,Merrill Kelly,7,6.454331730334899
2023-04-01,Michael Wacha,2,3.8956757683040326
2023-04-08,Michael Wacha,10,3.193273306621071
2023-04-14,Michael Wacha,3,6.47276887624992
2023-04-20,Michael Wacha,3,4.070489731796203
2023-04-26,Michael Wacha,5,4.054286536161343
2023-05-02,Michael Wacha,3,5.138525575517448
2023-05-09,Michael Wacha,4,3.583743842968877
2023-05-15,Michael Wacha,11,4.470984352827139
2023-05-21,Michael Wacha,4,5.268422450621258
2023-05-27,Michael Wacha,4,4.692516239960799
2023-06-02,Michael Wacha,8,5.498592273208862
2023-06-07,Michael Wacha,7,5.623854198496921
2023-06-14,Michael Wacha,5,5.02548046707657
2023-04-01,José Ureña,0,3.63666772396024
2023-04-07,José Ureña,1,3.2083086441088198
2023-04-12,José Ureña,6,2.682667159406693
2023-04-18,José Ureña,2,3.3429697164758423
2023-04-23,José Ureña,0,3.118170243160379
2023-04-01,Logan Gilbert,7,2.9765113973471533
2023-04-07,Logan Gilbert,6,4.910876077200821
2023-04-12,Logan Gilbert,7,5.922334642737392
2023-04-18,Logan Gilbert,8,6.4606518414976914
2023-04-26,Logan Gilbert,6,5.914241019071363
2023-05-03,Logan Gilbert,6,5.044042746770312
2023-05-08,Logan Gilbert,10,6.604661865851093
2023-05-14,Logan Gilbert,4,5.4491636090465
2023-05-20,Logan Gilbert,9,5.631519091335335
2023-05-25,Logan Gilbert,6,7.57902374683816
2023-05-30,Logan Gilbert,4,6.519001958854151
2023-06-06,Logan Gilbert,6,6.356826503116997
2023-06-11,Logan Gilbert,2,5.71514344496234
2023-04-01,Aaron Civale,3,2.8196393501645147
2023-04-07,Aaron Civale,5,2.949104881896355
2023-06-02,Aaron Civale,4,3.6792966775645097
2023-06-08,Aaron Civale,3,3.11564528559821
2023-06-14,Aaron Civale,7,3.979591175670627
2023-04-01,Clarke Schmidt,5,3.655281223197135
2023-04-07,Clarke Schmidt,3,4.649568324337704
2023-04-12,Clarke Schmidt,3,3.76400319554252
2023-04-18,Clarke Schmidt,5,3.5276930024449142
2023-04-23,Clarke Schmidt,8,4.303194983938012
2023-04-28,Clarke Schmidt,8,4.617275843308326
2023-05-03,Clarke Schmidt,4,5.166802245715404
2023-05-09,Clarke Schmidt,7,4.688253021073785
2023-05-14,Clarke Schmidt,5,5.390556716708252
2023-05-19,Clarke Schmidt,6,5.266321596524446
2023-05-25,Clarke Schmidt,4,4.619645935146964
2023-05-31,Clarke Schmidt,7,5.395303339299971
2023-06-06,Clarke Schmidt,1,5.274285825580274
2023-06-11,Clarke Schmidt,4,4.458691921478673
2023-04-01,Alex Cobb,6,3.574069977827508
2023-04-07,Alex Cobb,6,4.671425311108125
2023-04-12,Alex Cobb,2,5.600615237310539
2023-04-19,Alex Cobb,8,4.98689914095898
2023-04-24,Alex Cobb,4,5.530912028387284
2023-04-30,Alex Cobb,7,5.421265019400749
2023-05-06,Alex Cobb,5,5.673184113046614
2023-05-11,Alex Cobb,3,5.622027903447989
2023-05-16,Alex Cobb,3,4.969685852960483
2023-05-23,Alex Cobb,8,4.476400032264732
2023-05-28,Alex Cobb,5,5.105399598556089
2023-06-03,Alex Cobb,7,4.804898820197924
2023-06-08,Alex Cobb,7,4.83764340799408
2023-06-13,Alex Cobb,5,4.668344109682296
2023-04-01,Shintaro Fujinami,4,2.6288320239539047
2023-04-08,Shintaro Fujinami,1,4.255769663859862
2023-04-15,Shintaro Fujinami,5,3.6809660206499193
2023-04-22,Shintaro Fujinami,2,4.012105848911265
2023-06-02,Shintaro Fujinami,1,3.3883210028914776
2023-06-13,Shintaro Fujinami,1,3.028643895362085
2023-04-01,Patrick Sandoval,2,2.72021609363718
2023-04-07,Patrick Sandoval,2,3.2353869665820087
2023-04-14,Patrick Sandoval,6,3.1648188423867505
2023-04-20,Patrick Sandoval,5,3.5498853266731785
2023-04-26,Patrick Sandoval,5,3.7250589189085184
2023-05-02,Patrick Sandoval,4,3.9214822112928656
2023-05-08,Patrick Sandoval,2,3.719679020644165
2023-05-14,Patrick Sandoval,5,3.735319667739478
2023-05-20,Patrick Sandoval,3,3.781054801747267
2023-05-28,Patrick Sandoval,2,4.805877768354322
2023-06-03,Patrick Sandoval,4,3.694786834184173
2023-06-10,Patrick Sandoval,8,3.7602816085081305
2023-04-01,Nathan Eovaldi,6,3.444487509947147
2023-04-07,Nathan Eovaldi,6,5.709165561270391
2023-04-12,Nathan Eovaldi,7,4.505185459003143
2023-04-18,Nathan Eovaldi,5,5.53058657817673
2023-04-24,Nathan Eovaldi,7,5.85110495327414
2023-04-29,Nathan Eovaldi,8,5.154384231492851
2023-05-06,Nathan Eovaldi,5,5.373103714154083
2023-05-11,Nathan Eovaldi,12,6.042665859795279
2023-05-17,Nathan Eovaldi,5,6.522402668131852
2023-05-23,Nathan Eovaldi,5,6.183369118095199
2023-05-29,Nathan Eovaldi,4,6.05836195559964
2023-06-04,Nathan Eovaldi,7,6.260806949979802
2023-06-10,Nathan Eovaldi,6,6.835195181747581
2023-06-15,Nathan Eovaldi,9,5.491380884521373
2023-04-01,Zack Wheeler,7,3.380557764741324
2023-04-07,Zack Wheeler,5,6.480949547923979
2023-04-12,Zack Wheeler,6,5.899598307542024
2023-04-18,Zack Wheeler,5,5.689760466448491
2023-04-23,Zack Wheeler,11,6.210330496958297
2023-04-29,Zack Wheeler,7,6.584368892022239
2023-05-05,Zack Wheeler,5,6.499150068775587
2023-05-10,Zack Wheeler,7,6.437639507027308
2023-05-16,Zack Wheeler,8,6.779669162887817
2023-05-22,Zack Wheeler,3,7.172450347923874
2023-05-27,Zack Wheeler,12,6.179758639864827
2023-06-02,Zack Wheeler,3,6.567869541899869
2023-06-08,Zack Wheeler,8,7.262738709294509
2023-06-13,Zack Wheeler,7,7.303188977469444
2023-04-01,Josiah Gray,4,3.431566581976288
2023-04-06,Josiah Gray,6,3.652780772242983
2023-04-11,Josiah Gray,3,4.425818285546684
2023-04-18,Josiah Gray,3,4.311825854771718
2023-04-25,Josiah Gray,9,4.123794950147056
2023-04-30,Josiah Gray,6,5.910648588907601
2023-05-05,Josiah Gray,6,5.2406514230059775
2023-05-10,Josiah Gray,3,4.40723786378255
2023-05-16,Josiah Gray,5,4.214678611245769
2023-05-21,Josiah Gray,2,5.675072484961024
2023-05-27,Josiah Gray,4,3.549881093269477
2023-06-02,Josiah Gray,4,4.778590197037282
2023-06-09,Josiah Gray,6,4.093927352815209
2023-06-14,Josiah Gray,5,4.677623453824273
2023-04-01,Spencer Strider,9,3.473683677858121
2023-04-06,Spencer Strider,9,7.084536368308297
2023-04-12,Spencer Strider,9,6.915052698402692
2023-04-18,Spencer Strider,9,7.221247644358139
2023-04-24,Spencer Strider,13,7.419766447717266
2023-05-01,Spencer Strider,8,7.326779662804134
2023-05-06,Spencer Strider,10,7.094472927297621
2023-05-12,Spencer Strider,12,6.809703505684714
2023-05-17,Spencer Strider,7,6.588526918426837
2023-05-23,Spencer Strider,11,7.547350020661446
2023-05-28,Spencer Strider,9,6.884254208388487
2023-06-03,Spencer Strider,7,7.010379352811874
2023-06-08,Spencer Strider,8,7.381414616160136
2023-06-14,Spencer Strider,6,5.893515778284202
2023-04-01,Jack Flaherty,4,3.5383026257846937
2023-04-07,Jack Flaherty,3,3.9567319292122254
2023-04-12,Jack Flaherty,6,3.41655290994529
2023-04-17,Jack Flaherty,4,4.970437390215902
2023-04-23,Jack Flaherty,9,3.81593646169858
2023-04-28,Jack Flaherty,7,5.226261093333034
2023-05-04,Jack Flaherty,3,4.567663211197673
2023-05-09,Jack Flaherty,3,3.972578523805531
2023-05-15,Jack Flaherty,10,4.582695554476003
2023-05-21,Jack Flaherty,5,5.694542342370795
2023-05-27,Jack Flaherty,4,3.9919724191923303
2023-06-02,Jack Flaherty,6,4.400703293056601
2023-06-07,Jack Flaherty,8,4.581203173015608
2023-06-13,Jack Flaherty,3,5.620797842885554
2023-04-01,Kevin Gausman,7,2.9731826529243577
2023-04-06,Kevin Gausman,7,5.019332015604897
2023-04-12,Kevin Gausman,11,5.855818900731939
2023-04-17,Kevin Gausman,5,5.823025600532149
2023-04-23,Kevin Gausman,11,6.424617386694535
2023-04-29,Kevin Gausman,13,6.8583329215205735
2023-05-04,Kevin Gausman,4,7.361173834384112
2023-05-10,Kevin Gausman,9,6.81771076231528
2023-05-16,Kevin Gausman,10,7.51296410057618
2023-05-21,Kevin Gausman,4,7.425021764096305
2023-05-26,Kevin Gausman,8,6.164237075422395
2023-06-01,Kevin Gausman,11,7.008522804034237
2023-06-06,Kevin Gausman,13,6.981873501533344
2023-06-11,Kevin Gausman,4,7.929419939670644
2023-04-01,Zach Eflin,5,4.2375339039116025
2023-04-07,Zach Eflin,7,5.045449600652365
2023-04-23,Zach Eflin,4,5.914540858082559
2023-04-28,Zach Eflin,5,4.916109173388388
2023-05-04,Zach Eflin,10,5.220351951384876
2023-05-09,Zach Eflin,4,5.349090099432068
2023-05-14,Zach Eflin,9,5.1054560054098905
2023-05-20,Zach Eflin,8,6.39400605723338
2023-05-25,Zach Eflin,0,6.018107253482699
2023-05-31,Zach Eflin,5,5.650721243510713
2023-06-06,Zach Eflin,9,5.016936316714794
2023-06-12,Zach Eflin,6,5.154549659419988
2023-04-01,Spencer Turnbull,3,3.1370542532605104
2023-04-06,Spencer Turnbull,1,3.192383100793841
2023-04-13,Spencer Turnbull,6,2.5652066750188944
2023-04-19,Spencer Turnbull,3,3.404720750698103
2023-04-25,Spencer Turnbull,2,3.2302379475757537
2023-04-30,Spencer Turnbull,3,2.9020097494994577
2023-05-06,Spencer Turnbull,6,3.070643754475931
2023-04-01,Rich Hill,7,3.6794015238422144
2023-04-07,Rich Hill,1,5.402112255008923
2023-04-12,Rich Hill,0,3.644763624118936
2023-04-17,Rich Hill,7,2.8458443994488105
2023-04-22,Rich Hill,7,4.303406352764567
2023-04-29,Rich Hill,5,4.669184239963186
2023-05-05,Rich Hill,5,3.886231411868654
2023-05-10,Rich Hill,4,4.722065175425385
2023-05-17,Rich Hill,7,3.873730675394845
2023-05-23,Rich Hill,9,4.890594668152779
2023-05-29,Rich Hill,3,4.410745671503564
2023-06-04,Rich Hill,6,3.731696602488109
2023-06-09,Rich Hill,6,4.639458629908259
2023-04-01,Nick Lodolo,9,4.839072234412991
2023-04-08,Nick Lodolo,12,6.838223767265861
2023-04-13,Nick Lodolo,6,7.885929171520642
2023-04-18,Nick Lodolo,4,7.838766836322646
2023-04-24,Nick Lodolo,6,7.283246110732829
2023-04-30,Nick Lodolo,7,6.016761970710253
2023-05-06,Nick Lodolo,3,6.771744984431845
2023-04-01,Justin Steele,8,4.285810708686433
2023-04-08,Justin Steele,3,6.761923970142006
2023-04-14,Justin Steele,8,5.080946477013984
2023-04-19,Justin Steele,5,5.973002757503847
2023-04-25,Justin Steele,5,5.81810091735064
2023-04-30,Justin Steele,3,5.414153009735247
2023-05-05,Justin Steele,4,5.683636663913668
2023-05-10,Justin Steele,3,4.659861549143093
2023-05-16,Justin Steele,8,4.349282019657172
2023-05-21,Justin Steele,6,5.081186351125117
2023-05-26,Justin Steele,4,4.973622625196581
2023-05-31,Justin Steele,1,5.143767535046858
2023-04-01,Brandon Woodruff,8,3.0543001324358685
2023-04-07,Brandon Woodruff,4,6.728634268214789
2023-04-01,Lucas Giolito,6,3.0777957085247523
2023-04-07,Lucas Giolito,3,5.272298730828792
2023-04-12,Lucas Giolito,7,3.929921025477748
2023-04-18,Lucas Giolito,7,5.586222016605797
2023-04-23,Lucas Giolito,5,5.975286334003668
2023-04-28,Lucas Giolito,6,5.693958485743444
2023-05-04,Lucas Giolito,7,5.824435539531286
2023-05-09,Lucas Giolito,9,4.2652932370642285
2023-05-14,Lucas Giolito,6,6.233340127263426
2023-05-20,Lucas Giolito,4,6.062614603789593
2023-05-25,Lucas Giolito,4,5.104435830205445
2023-05-30,Lucas Giolito,5,4.484852022913977
2023-06-06,Lucas Giolito,7,5.021730470513835
2023-06-11,Lucas Giolito,8,6.006580970743824
2023-04-01,José Urquidy,5,3.476681364758245
2023-04-07,José Urquidy,6,4.745892060130374
2023-04-12,José Urquidy,2,4.783984025480423
2023-04-18,José Urquidy,4,4.877375488484548
2023-04-24,José Urquidy,3,4.5057590752649626
2023-04-30,José Urquidy,3,4.637239338389828
2023-04-01,Dean Kremer,3,2.541301947107223
2023-04-07,Dean Kremer,4,3.4112852280343136
2023-04-12,Dean Kremer,1,3.4847426011271625
2023-04-18,Dean Kremer,6,3.583301004706923
2023-04-24,Dean Kremer,5,4.044005010340632
2023-04-29,Dean Kremer,6,3.6703994419685766
2023-05-05,Dean Kremer,3,4.058963838167502
2023-05-10,Dean Kremer,4,4.249151479576019
2023-05-16,Dean Kremer,4,3.3776186639673726
2023-05-21,Dean Kremer,7,3.768567081900908
2023-05-27,Dean Kremer,5,4.502502346940373
2023-06-02,Dean Kremer,6,4.065879153946087
2023-06-07,Dean Kremer,5,4.651094410249708
2023-06-13,Dean Kremer,6,4.680771304597777
2023-04-01,Chris Sale,6,2.5187041220408743
2023-04-06,Chris Sale,7,6.031795330631035
2023-04-12,Chris Sale,6,6.284893910230043
2023-04-18,Chris Sale,11,4.94282284764553
2023-04-24,Chris Sale,0,6.829017655973712
2023-04-30,Chris Sale,5,3.970741945948257
2023-05-05,Chris Sale,10,5.626455414511222
2023-05-13,Chris Sale,9,6.398630450888691
2023-05-20,Chris Sale,8,6.681963951952482
2023-05-26,Chris Sale,3,6.442434919623049
2023-06-01,Chris Sale,6,5.3055748448072935
2023-04-01,Tylor Megill,7,3.7238146009424034
2023-04-07,Tylor Megill,3,7.285874784674221
2023-04-12,Tylor Megill,3,4.926110004474621
2023-04-18,Tylor Megill,4,3.629785297360138
2023-04-23,Tylor Megill,2,3.816602692462302
2023-05-01,Tylor Megill,4,3.9531038646510392
2023-05-06,Tylor Megill,4,4.475615385866868
2023-05-12,Tylor Megill,4,3.53316439934965
2023-05-18,Tylor Megill,4,4.815822315065463
2023-05-23,Tylor Megill,5,4.133840496417836
2023-05-28,Tylor Megill,3,3.221768974376217
2023-06-03,Tylor Megill,5,4.652413331167119
2023-06-09,Tylor Megill,1,3.5434582605358425
2023-04-01,Edward Cabrera,2,2.661020745478514
2023-04-07,Edward Cabrera,4,2.972857590402466
2023-04-12,Edward Cabrera,4,3.196395994415827
2023-04-18,Edward Cabrera,8,3.5188812267463443
2023-04-24,Edward Cabrera,6,4.261849649160051
2023-04-29,Edward Cabrera,12,5.406544750803265
2023-05-05,Edward Cabrera,8,6.328475668463211
2023-05-10,Edward Cabrera,5,6.315270870971698
2023-05-17,Edward Cabrera,6,5.43087548098411
2023-05-22,Edward Cabrera,6,4.7144015032604605
2023-05-27,Edward Cabrera,5,4.511878465142104
2023-06-02,Edward Cabrera,10,5.627580970929732
2023-06-07,Edward Cabrera,4,7.310128629863233
2023-06-13,Edward Cabrera,4,5.952683639538551
2023-04-01,Clayton Kershaw,9,3.2012560037353377
2023-04-07,Clayton Kershaw,4,6.415290983191244
2023-04-12,Clayton Kershaw,4,5.329783999120066
2023-04-18,Clayton Kershaw,9,5.5424042443281225
2023-04-23,Clayton Kershaw,6,6.288218361906674
2023-04-29,Clayton Kershaw,9,7.553180814478505
2023-05-05,Clayton Kershaw,7,6.950529890352911
2023-05-10,Clayton Kershaw,8,6.841718392195866
2023-05-16,Clayton Kershaw,7,7.482784876436588
2023-05-21,Clayton Kershaw,6,6.332355489232096
2023-05-27,Clayton Kershaw,6,7.072081913454375
2023-06-02,Clayton Kershaw,9,7.225441311314003
2023-06-08,Clayton Kershaw,9,7.066053341752761
2023-06-14,Clayton Kershaw,5,7.80611624562922
2023-04-01,Madison Bumgarner,2,2.636177625022592
2023-04-07,Madison Bumgarner,5,3.341072324216303
2023-04-14,Madison Bumgarner,1,4.137002188902349
2023-04-19,Madison Bumgarner,2,2.8779018250790585
2023-04-01,Sonny Gray,1,2.959420724953196
2023-04-07,Sonny Gray,13,3.414143147578687
2023-04-12,Sonny Gray,5,6.463115244991749
2023-04-18,Sonny Gray,7,4.1227279746778205
2023-04-24,Sonny Gray,8,4.86199424179856
2023-04-30,Sonny Gray,7,5.933836693026207
2023-05-06,Sonny Gray,6,4.093785885399267
2023-05-12,Sonny Gray,9,6.033872881358653
2023-05-17,Sonny Gray,4,5.677117860481334
2023-05-23,Sonny Gray,6,5.585420445155034
2023-05-29,Sonny Gray,3,6.963507921103137
2023-06-03,Sonny Gray,2,4.976528572726932
2023-06-09,Sonny Gray,5,4.431670759601475
2023-06-15,Sonny Gray,3,5.291430275321381
2023-04-01,Jordan Lyles,2,2.947844102589324
2023-04-06,Jordan Lyles,9,2.610920775209162
2023-04-11,Jordan Lyles,4,4.574929379749372
2023-04-17,Jordan Lyles,3,4.017061874368774
2023-04-23,Jordan Lyles,5,3.777140767762463
2023-04-28,Jordan Lyles,4,4.025576128442856
2023-05-04,Jordan Lyles,3,4.277935103947344
2023-05-09,Jordan Lyles,6,4.127094666638316
2023-05-14,Jordan Lyles,2,5.107355545662737
2023-05-20,Jordan Lyles,5,4.358073428235855
2023-05-26,Jordan Lyles,2,4.354639434513664
2023-06-02,Jordan Lyles,8,4.210829935561951
2023-06-07,Jordan Lyles,2,4.853082101714636
2023-06-13,Jordan Lyles,4,3.9942589727536872
2023-04-02,Cal Quantrill,3,2.914674916050304
2023-04-08,Cal Quantrill,3,3.1875717484791304
2023-04-14,Cal Quantrill,3,3.2968432814387074
2023-04-19,Cal Quantrill,4,3.041771164067085
2023-04-24,Cal Quantrill,2,3.380743972798723
2023-05-01,Cal Quantrill,2,2.789729885647777
2023-05-07,Cal Quantrill,4,2.3903487241392334
2023-05-13,Cal Quantrill,2,2.911026528513764
2023-05-19,Cal Quantrill,6,3.3775442678704968
2023-05-24,Cal Quantrill,2,3.104102187175537
2023-05-30,Cal Quantrill,3,3.123207367593538
2023-04-02,Marco Gonzales,1,2.9778959376458154
2023-04-08,Marco Gonzales,5,2.5498895797161603
2023-04-19,Marco Gonzales,9,3.809797143492786
2023-04-25,Marco Gonzales,2,4.653886759802787
2023-04-30,Marco Gonzales,2,3.253581971177613
2023-05-06,Marco Gonzales,4,4.58208225300463
2023-05-12,Marco Gonzales,2,3.696701397550196
2023-05-17,Marco Gonzales,1,3.3608713647811017
2023-05-23,Marco Gonzales,4,3.991708765235114
2023-05-28,Marco Gonzales,4,4.609850681998755
2023-04-02,Seth Lugo,7,4.00770627907053
2023-04-09,Seth Lugo,5,5.782977979277222
2023-04-15,Seth Lugo,5,5.981736090912425
2023-04-21,Seth Lugo,6,5.323711029803505
2023-04-27,Seth Lugo,3,5.19120994919744
2023-05-03,Seth Lugo,5,4.617664562726247
2023-05-10,Seth Lugo,5,3.8347479733681737
2023-05-16,Seth Lugo,2,4.651629430076742
2023-04-02,Austin Gomber,4,3.615641457279555
2023-04-08,Austin Gomber,5,3.4771094180457545
2023-04-14,Austin Gomber,2,3.898467477590588
2023-04-19,Austin Gomber,1,3.650478696398873
2023-04-24,Austin Gomber,3,2.8346415002362897
2023-04-30,Austin Gomber,4,2.8403235349248583
2023-05-06,Austin Gomber,3,3.2522928983255084
2023-05-12,Austin Gomber,6,2.701646502850854
2023-05-17,Austin Gomber,1,3.626700149575111
2023-05-23,Austin Gomber,2,3.081389389959368
2023-05-28,Austin Gomber,3,2.4498172276147883
2023-06-03,Austin Gomber,4,2.6309563465784804
2023-06-09,Austin Gomber,1,3.36365858769392
2023-06-14,Austin Gomber,5,2.407817439524752
2023-04-02,Tyler Anderson,4,2.7133451711011274
2023-04-08,Tyler Anderson,4,4.608052380946049
2023-04-15,Tyler Anderson,2,3.2491393330851777
2023-04-22,Tyler Anderson,1,3.669702240965882
2023-04-28,Tyler Anderson,7,3.2700017825931957
2023-05-05,Tyler Anderson,6,5.112814495940064
2023-05-12,Tyler Anderson,1,3.937661596772781
2023-05-18,Tyler Anderson,2,3.88193549911822
2023-05-24,Tyler Anderson,3,3.4076346831615427
2023-05-30,Tyler Anderson,3,4.209277248832863
2023-06-06,Tyler Anderson,5,4.614693207815094
2023-06-12,Tyler Anderson,7,3.529575079920615
2023-04-02,Ken Waldichuk,4,2.6139176884395647
2023-04-07,Ken Waldichuk,3,4.143724261953608
2023-04-12,Ken Waldichuk,4,3.3425827836968662
2023-04-18,Ken Waldichuk,5,4.170820676928216
2023-04-24,Ken Waldichuk,2,3.5860043201278726
2023-04-30,Ken Waldichuk,7,4.164131071082315
2023-05-06,Ken Waldichuk,6,3.420228030903074
2023-05-12,Ken Waldichuk,5,4.978013399891935
2023-05-19,Ken Waldichuk,3,4.311720634198728
2023-05-28,Ken Waldichuk,2,4.062614435147788
2023-04-02,Jhony Brito,6,3.57848688610312
2023-04-08,Jhony Brito,2,5.933632725378016
2023-04-13,Jhony Brito,0,4.903011834224724
2023-04-19,Jhony Brito,3,2.992469975015756
2023-04-24,Jhony Brito,1,3.182756114332726
2023-04-29,Jhony Brito,5,3.338228617704448
2023-05-05,Jhony Brito,2,4.139926825799899
2023-05-10,Jhony Brito,3,3.3223871943357217
2023-05-20,Jhony Brito,6,3.934322566324704
2023-04-02,Ross Stripling,3,3.371777961231894
2023-04-23,Ross Stripling,1,3.836116021444792
2023-05-01,Ross Stripling,5,3.251287803419771
2023-05-07,Ross Stripling,3,3.823687623652216
2023-05-17,Ross Stripling,2,3.427604717997608
2023-04-02,Martín Pérez,7,3.316611366895669
2023-04-08,Martín Pérez,5,6.325976558776566
2023-04-14,Martín Pérez,4,5.849954580897177
2023-04-19,Martín Pérez,3,4.582386023594596
2023-04-25,Martín Pérez,5,4.517610762252844
2023-04-30,Martín Pérez,2,4.526080779136042
2023-05-07,Martín Pérez,2,3.235991767978624
2023-05-12,Martín Pérez,3,3.39016692888002
2023-05-19,Martín Pérez,7,4.1562982535864
2023-05-24,Martín Pérez,3,3.98757395366964
2023-05-30,Martín Pérez,3,3.7120415371348168
2023-06-05,Martín Pérez,5,3.440949619118194
2023-06-11,Martín Pérez,2,4.120866083215175
2023-04-02,Bailey Falter,3,3.0662209359635826
2023-04-08,Bailey Falter,2,3.868309284877748
2023-04-13,Bailey Falter,4,3.007426399253004
2023-04-18,Bailey Falter,3,3.140294412316176
2023-04-25,Bailey Falter,7,3.1194331459828337
2023-04-30,Bailey Falter,3,4.151360041254006
2023-05-06,Bailey Falter,4,3.407719226258823
2023-04-02,MacKenzie Gore,6,3.4019546608467706
2023-04-07,MacKenzie Gore,6,4.50411977449925
2023-04-12,MacKenzie Gore,6,4.613024600437527
2023-04-19,MacKenzie Gore,7,5.480849301851457
2023-04-26,MacKenzie Gore,10,6.188200267766614
2023-05-01,MacKenzie Gore,4,7.890797458643037
2023-05-06,MacKenzie Gore,9,6.562826858965415
2023-05-12,MacKenzie Gore,3,6.547747929351626
2023-05-17,MacKenzie Gore,7,5.59078029549782
2023-05-23,MacKenzie Gore,5,7.459838383298331
2023-05-28,MacKenzie Gore,11,4.940029071011497
2023-06-03,MacKenzie Gore,6,7.21708683087206
2023-06-10,MacKenzie Gore,3,6.6039686568479175
2023-06-15,MacKenzie Gore,4,6.0400861457936434
2023-04-02,Jared Shuster,1,3.4546887379412
2023-04-07,Jared Shuster,4,4.630780979821619
2023-05-16,Jared Shuster,3,3.0701052137263565
2023-05-21,Jared Shuster,7,3.868168446558004
2023-05-26,Jared Shuster,5,5.010837277652152
2023-05-31,Jared Shuster,1,4.062664217156752
2023-06-10,Jared Shuster,0,4.3276521136710455
2023-04-02,Jordan Montgomery,3,3.571173855663484
2023-04-08,Jordan Montgomery,9,3.170911097895121
2023-04-13,Jordan Montgomery,5,5.979432702180081
2023-04-18,Jordan Montgomery,2,4.994465002226935
2023-04-24,Jordan Montgomery,6,3.453381117545084
2023-04-29,Jordan Montgomery,7,4.275654636717637
2023-05-05,Jordan Montgomery,6,5.134399300529836
2023-05-10,Jordan Montgomery,3,4.636239519757286
2023-05-16,Jordan Montgomery,7,4.230700958331172
2023-05-22,Jordan Montgomery,4,4.858120838297471
2023-05-28,Jordan Montgomery,3,3.591204372559312
2023-06-03,Jordan Montgomery,5,4.129560510700122
2023-06-09,Jordan Montgomery,6,4.535978688634637
2023-06-14,Jordan Montgomery,7,4.991007617462354
2023-04-02,Chris Bassitt,0,2.9097572282724333
2023-04-07,Chris Bassitt,5,2.361457617339977
2023-04-13,Chris Bassitt,7,3.962807596740298
2023-04-18,Chris Bassitt,5,4.22053017802824
2023-04-24,Chris Bassitt,4,4.650874918269131
2023-04-30,Chris Bassitt,7,4.127850709646086
2023-05-05,Chris Bassitt,5,3.860906925466647
2023-05-12,Chris Bassitt,8,4.571746463227326
2023-05-17,Chris Bassitt,7,4.793957268203278
2023-05-22,Chris Bassitt,4,5.157512579053841
2023-05-27,Chris Bassitt,5,4.289798266859898
2023-06-02,Chris Bassitt,8,4.801129789770839
2023-06-07,Chris Bassitt,5,5.304396716730202
2023-06-13,Chris Bassitt,5,4.952393841569044
2023-04-02,Jeffrey Springs,12,4.273010856284327
2023-04-08,Jeffrey Springs,7,7.554560135873382
2023-04-13,Jeffrey Springs,5,6.856054298828716
2023-04-02,Joey Wentz,3,3.166000039999913
2023-04-08,Joey Wentz,0,3.080480583238708
2023-04-14,Joey Wentz,7,3.233662327830317
2023-04-22,Joey Wentz,4,3.902969486066575
2023-04-27,Joey Wentz,6,3.092687381454108
2023-05-03,Joey Wentz,2,4.115555587361133
2023-05-08,Joey Wentz,5,2.9619692507868374
2023-05-14,Joey Wentz,3,3.58169294301139
2023-05-21,Joey Wentz,1,3.4722752390796017
2023-05-26,Joey Wentz,4,3.5939460745766167
2023-05-31,Joey Wentz,5,3.552225256084193
2023-06-05,Joey Wentz,4,4.088759979760579
2023-04-02,Vince Velasquez,3,3.686482651739817
2023-04-08,Vince Velasquez,1,3.5807491338697064
2023-04-13,Vince Velasquez,6,3.2426499913709463
2023-04-18,Vince Velasquez,7,4.154830201230814
2023-04-23,Vince Velasquez,10,4.450324575595285
2023-04-29,Vince Velasquez,5,6.162203588971228
2023-05-04,Vince Velasquez,2,5.820036559806491
2023-05-27,Vince Velasquez,3,4.256475669844425
2023-04-02,Graham Ashcraft,6,4.832134972811137
2023-04-10,Graham Ashcraft,7,5.050514398265746
2023-04-15,Graham Ashcraft,4,5.869726441043135
2023-04-21,Graham Ashcraft,4,4.498116522622668
2023-04-26,Graham Ashcraft,3,4.992171071424158
2023-05-02,Graham Ashcraft,3,4.495799359384602
2023-05-07,Graham Ashcraft,3,4.692863608212793
2023-05-12,Graham Ashcraft,3,4.81602296634583
2023-05-17,Graham Ashcraft,3,4.162722107369571
2023-05-23,Graham Ashcraft,5,3.903951997514859
2023-05-28,Graham Ashcraft,6,4.151565374580607
2023-06-03,Graham Ashcraft,2,4.617217087217747
2023-06-08,Graham Ashcraft,1,3.933048445782527
2023-04-02,Mike Clevinger,8,3.0649577284590497
2023-04-08,Mike Clevinger,1,5.879306486847703
2023-04-14,Mike Clevinger,5,4.014266600364515
2023-04-19,Mike Clevinger,1,4.309408285122871
2023-04-25,Mike Clevinger,3,3.582065875775297
2023-04-30,Mike Clevinger,8,3.753209948885428
2023-05-06,Mike Clevinger,7,4.952535198969198
2023-05-11,Mike Clevinger,2,3.894547602629905
2023-05-17,Mike Clevinger,5,3.9674232400641167
2023-06-02,Mike Clevinger,6,4.524759189412579
2023-06-08,Mike Clevinger,2,4.750719387252708
2023-06-14,Mike Clevinger,5,3.817849897559316
2023-04-02,Luis Garcia,4,3.39606063495955
2023-04-08,Luis Garcia,4,4.447725009967442
2023-04-14,Luis Garcia,7,4.842091094608397
2023-04-19,Luis Garcia,9,5.193819812338368
2023-04-25,Luis Garcia,7,6.15576419144362
2023-05-01,Luis Garcia,0,5.459799093789798
2023-04-02,Jameson Taillon,2,4.262895899891206
2023-04-09,Jameson Taillon,7,4.067092489406311
2023-04-15,Jameson Taillon,7,3.984374359253168
2023-05-04,Jameson Taillon,4,4.347254688441159
2023-05-09,Jameson Taillon,5,4.143385384117454
2023-05-15,Jameson Taillon,1,4.161083865269531
2023-05-20,Jameson Taillon,1,4.188656308220019
2023-05-27,Jameson Taillon,5,4.115054624106045
2023-06-02,Jameson Taillon,3,3.911433157834271
2023-06-07,Jameson Taillon,5,3.532203911510459
2023-06-13,Jameson Taillon,4,5.015339920073135
2023-04-02,Eric Lauer,6,3.282058149629767
2023-04-08,Eric Lauer,4,5.389138093254173
2023-04-14,Eric Lauer,5,4.664045741342872
2023-04-19,Eric Lauer,4,5.1065706729994345
2023-04-25,Eric Lauer,4,4.826039572504751
2023-05-03,Eric Lauer,6,3.9432280659331016
2023-05-09,Eric Lauer,4,4.862047703882528
2023-05-20,Eric Lauer,2,4.073183733835246
2023-04-02,Cole Irvin,4,2.5783687420339416
2023-04-08,Cole Irvin,5,3.991606669663808
2023-04-13,Cole Irvin,4,4.339151061228345
2023-06-10,Cole Irvin,5,3.721845452144777
2023-04-02,Tanner Houck,5,2.4408198835822525
2023-04-08,Tanner Houck,4,4.538522928925761
2023-04-14,Tanner Houck,6,3.899506476456538
2023-04-20,Tanner Houck,7,4.583629586749352
2023-04-26,Tanner Houck,2,5.108791208042933
2023-05-02,Tanner Houck,5,3.59928973520879
2023-05-07,Tanner Houck,4,4.837595740984123
2023-05-15,Tanner Houck,5,4.778731958659191
2023-05-22,Tanner Houck,8,4.9249902860090575
2023-05-28,Tanner Houck,4,5.11271374372996
2023-06-04,Tanner Houck,6,5.146513451633668
2023-06-10,Tanner Houck,6,5.2531127290661885
2023-04-02,Kodai Senga,8,3.5153705311600336
2023-04-08,Kodai Senga,6,7.634415634756067
2023-04-14,Kodai Senga,7,5.8911234361287965
2023-04-20,Kodai Senga,4,5.622265933282192
2023-04-26,Kodai Senga,7,5.223349200543094
2023-05-05,Kodai Senga,4,6.499129827129623
2023-05-11,Kodai Senga,7,5.403662437618074
2023-05-17,Kodai Senga,12,6.018889984700132
2023-05-24,Kodai Senga,6,7.182687257821858
2023-05-30,Kodai Senga,9,6.694687218120869
2023-06-04,Kodai Senga,3,6.926978755233326
2023-06-10,Kodai Senga,6,5.376114853868754
2023-04-02,Trevor Rogers,4,2.743923122270961
2023-04-08,Trevor Rogers,5,3.718537622787702
2023-04-14,Trevor Rogers,7,5.301907685560268
2023-04-19,Trevor Rogers,3,5.509426947575412
2023-04-02,Noah Syndergaard,6,3.1316437093025398
2023-04-08,Noah Syndergaard,2,4.890120790320646
2023-04-14,Noah Syndergaard,9,3.9339484067224366
2023-04-19,Noah Syndergaard,2,5.0688245608797855
2023-04-25,Noah Syndergaard,2,3.7829468031504185
2023-04-30,Noah Syndergaard,0,4.059505106446886
2023-05-09,Noah Syndergaard,0,3.921127786015073
2023-05-15,Noah Syndergaard,5,3.0795527956565216
2023-05-20,Noah Syndergaard,4,3.0285417316457472
2023-05-26,Noah Syndergaard,3,4.212829359044321
2023-05-31,Noah Syndergaard,2,3.837507502292546
2023-06-07,Noah Syndergaard,3,3.411539844158007
2023-04-02,Zach Davies,4,2.627168533709851
2023-04-08,Zach Davies,3,3.927869478796748
2023-05-27,Zach Davies,3,3.7136802370751383
2023-06-01,Zach Davies,4,3.915542849901168
2023-06-07,Zach Davies,8,3.907067584903014
2023-06-13,Zach Davies,4,5.17629211398612
2023-04-02,Joe Ryan,6,2.717497803640029
2023-04-08,Joe Ryan,10,4.959106200012896
2023-04-13,Joe Ryan,10,4.943155386734994
2023-04-19,Joe Ryan,3,4.746398667220278
2023-04-25,Joe Ryan,7,5.561111561239271
2023-05-02,Joe Ryan,7,5.846036775247493
2023-05-07,Joe Ryan,4,4.478601442626435
2023-05-13,Joe Ryan,10,6.097343536506199
2023-05-19,Joe Ryan,9,5.2330242091935455
2023-05-24,Joe Ryan,4,6.198791344384484
2023-05-30,Joe Ryan,6,6.153512658945549
2023-06-04,Joe Ryan,4,4.885694098378297
2023-06-10,Joe Ryan,4,5.302994809798026
2023-04-02,Brad Keller,6,2.7927794156193486
2023-04-07,Brad Keller,3,4.766451035692342
2023-04-12,Brad Keller,7,3.931762553084324
2023-04-18,Brad Keller,2,4.974985290245516
2023-04-24,Brad Keller,2,4.084939211352855
2023-04-29,Brad Keller,4,3.980191524717787
2023-05-05,Brad Keller,1,3.3698307157610703
2023-05-10,Brad Keller,4,3.2630982668497697
2023-05-15,Brad Keller,2,4.095550018001565
2023-04-03,James Kaprielian,5,2.852179179652519
2023-04-09,James Kaprielian,6,4.717061676937044
2023-04-14,James Kaprielian,4,4.923802188830114
2023-05-13,James Kaprielian,7,4.763600139080133
2023-05-21,James Kaprielian,5,4.709243143966737
2023-05-26,James Kaprielian,4,5.117188860001687
2023-05-31,James Kaprielian,4,4.969427025072621
2023-06-06,James Kaprielian,1,4.405939222549499
2023-06-12,James Kaprielian,4,4.74334832029771
2023-04-03,Zach Plesac,1,2.796745809229874
2023-04-09,Zach Plesac,6,3.174383909715627
2023-04-15,Zach Plesac,1,4.590278230550291
2023-04-22,Zach Plesac,5,3.312545911339712
2023-04-29,Zach Plesac,1,3.092098110468269
2023-04-03,Ryan Weathers,2,3.6693731789769126
2023-04-11,Ryan Weathers,3,4.009785536299336
2023-04-17,Ryan Weathers,5,3.9200073664235022
2023-05-14,Ryan Weathers,3,3.786288419154657
2023-05-24,Ryan Weathers,4,3.333849739823166
2023-05-30,Ryan Weathers,4,3.840263755475248
2023-06-04,Ryan Weathers,1,4.846371048857621
2023-06-10,Ryan Weathers,2,3.296005719435885
2023-06-15,Ryan Weathers,2,3.0947105194779536
2023-04-03,Ryne Nelson,3,3.012374388706505
2023-04-09,Ryne Nelson,3,4.11665386090778
2023-04-15,Ryne Nelson,4,3.616389992487537
2023-04-20,Ryne Nelson,4,4.226836393010452
2023-04-25,Ryne Nelson,3,3.727052742439916
2023-04-30,Ryne Nelson,2,3.7589170055706833
2023-05-07,Ryne Nelson,3,4.165683797797554
2023-05-12,Ryne Nelson,4,3.5352779943329264
2023-05-17,Ryne Nelson,6,3.3973440707046074
2023-05-23,Ryne Nelson,4,4.207854265923432
2023-05-29,Ryne Nelson,1,4.154782200541608
2023-06-03,Ryne Nelson,0,3.867825848769887
2023-06-10,Ryne Nelson,4,3.1615898820783737
2023-06-15,Ryne Nelson,5,4.259749044433131
2023-04-03,Freddy Peralta,7,3.0379496743842944
2023-04-09,Freddy Peralta,7,5.877857534997285
2023-04-15,Freddy Peralta,5,5.8222083482274565
2023-04-21,Freddy Peralta,4,5.900703597746814
2023-04-26,Freddy Peralta,8,5.872474195716078
2023-05-02,Freddy Peralta,10,4.766676656147995
2023-05-08,Freddy Peralta,5,6.989625134517676
2023-05-15,Freddy Peralta,4,4.974983349667218
2023-05-21,Freddy Peralta,4,5.4700579322444245
2023-05-26,Freddy Peralta,4,5.552379534122741
2023-06-01,Freddy Peralta,3,4.259866901395538
2023-06-06,Freddy Peralta,9,5.565005198385578
2023-06-11,Freddy Peralta,5,5.6322997019964784
2023-04-03,Carlos Carrasco,4,3.199573565123444
2023-04-09,Carlos Carrasco,1,5.056612392118914
2023-04-15,Carlos Carrasco,3,2.798936399407143
2023-05-19,Carlos Carrasco,3,3.714846054289114
2023-05-25,Carlos Carrasco,4,3.60362653383772
2023-05-31,Carlos Carrasco,4,4.277609209495434
2023-06-06,Carlos Carrasco,4,3.3036448352235053
2023-06-11,Carlos Carrasco,1,3.922735043536423
2023-04-03,Nestor Cortes,3,2.983622746392648
2023-04-09,Nestor Cortes,5,3.9443590816063785
2023-04-14,Nestor Cortes,7,4.229762925347541
2023-04-20,Nestor Cortes,7,4.521067019329816
2023-04-25,Nestor Cortes,6,4.934866189704024
2023-04-30,Nestor Cortes,7,4.81746550800604
2023-05-08,Nestor Cortes,4,4.818373079901574
2023-05-13,Nestor Cortes,3,5.194108886358622
2023-05-18,Nestor Cortes,6,4.522489947091703
2023-05-24,Nestor Cortes,5,4.864720041653721
2023-05-30,Nestor Cortes,6,5.3942591278000425
2023-04-03,Taijuan Walker,5,2.9234511847073987
2023-04-09,Taijuan Walker,5,4.615681883321223
2023-04-14,Taijuan Walker,4,4.84083470471525
2023-04-19,Taijuan Walker,3,4.303715862823258
2023-04-26,Taijuan Walker,6,3.988117605231677
2023-05-01,Taijuan Walker,6,4.205895333755228
2023-05-07,Taijuan Walker,6,4.42824394483601
2023-05-12,Taijuan Walker,3,3.839470363099904
2023-05-17,Taijuan Walker,1,3.7915776913906862
2023-05-21,Taijuan Walker,3,3.9618561397331113
2023-05-26,Taijuan Walker,1,3.803512600116625
2023-06-01,Taijuan Walker,2,3.519031623653566
2023-06-06,Taijuan Walker,8,4.522982953450121
2023-06-11,Taijuan Walker,5,4.741647350591182
2023-04-03,Jon Gray,7,3.130058681062092
2023-04-09,Jon Gray,4,6.961303113171523
2023-04-15,Jon Gray,2,5.925369024583908
2023-04-21,Jon Gray,2,3.809434654246551
2023-04-26,Jon Gray,2,3.8985259131961416
2023-05-02,Jon Gray,2,3.506086400487071
2023-05-08,Jon Gray,8,3.445177588749643
2023-05-13,Jon Gray,5,4.749182041405418
2023-05-20,Jon Gray,6,4.21697543241495
2023-05-26,Jon Gray,8,4.646799404838545
2023-06-02,Jon Gray,5,4.4485802394042455
2023-06-07,Jon Gray,12,4.557638039113082
2023-04-03,Kyle Bradish,2,3.0710295917682524
2023-04-19,Kyle Bradish,6,3.094422652326554
2023-04-25,Kyle Bradish,1,3.7808565466708193
2023-04-30,Kyle Bradish,5,3.587135497723011
2023-05-06,Kyle Bradish,4,3.559423574424738
2023-05-12,Kyle Bradish,6,4.518494419425244
2023-05-17,Kyle Bradish,5,3.3979944350324662
2023-05-23,Kyle Bradish,3,4.344175193156635
2023-05-28,Kyle Bradish,4,3.836024160283895
2023-06-03,Kyle Bradish,5,3.273049933076183
2023-06-08,Kyle Bradish,10,4.175667596296732
2023-06-14,Kyle Bradish,1,4.841636990590037
2023-04-03,Trevor Williams,3,3.2653183906417165
2023-04-08,Trevor Williams,4,2.9538630188319543
2023-04-14,Trevor Williams,2,3.471417116156983
2023-04-21,Trevor Williams,4,2.935694171457689
2023-04-27,Trevor Williams,4,3.580403767762089
2023-05-02,Trevor Williams,4,3.631196956506338
2023-05-07,Trevor Williams,5,3.8661827694962168
2023-05-13,Trevor Williams,1,3.23267460576724
2023-05-18,Trevor Williams,5,3.75208059220458
2023-05-24,Trevor Williams,5,3.832079241594752
2023-05-29,Trevor Williams,3,3.0387431889311314
2023-06-04,Trevor Williams,6,3.358172270830841
2023-06-11,Trevor Williams,6,3.629008749896353
2023-04-03,Drew Rasmussen,7,3.20926396544662
2023-04-09,Drew Rasmussen,8,6.199694632580088
2023-04-14,Drew Rasmussen,4,5.767350916630961
2023-04-19,Drew Rasmussen,7,6.156160388270016
2023-04-25,Drew Rasmussen,5,5.85593316324362
2023-04-30,Drew Rasmussen,3,5.248800247665468
2023-05-06,Drew Rasmussen,6,5.431878840726638
2023-05-11,Drew Rasmussen,7,5.3112827390171855
2023-04-03,George Kirby,5,3.33681014679204
2023-04-09,George Kirby,4,3.4844649068203637
2023-04-15,George Kirby,3,4.968848484829149
2023-04-21,George Kirby,5,4.195104749740739
2023-04-27,George Kirby,7,4.285513136522462
2023-05-04,George Kirby,2,4.418709741721461
2023-05-09,George Kirby,9,4.28221047730501
2023-05-15,George Kirby,6,3.711772552224702
2023-05-21,George Kirby,6,4.895297045501007
2023-05-26,George Kirby,4,5.16257127369689
2023-05-31,George Kirby,7,4.464676208889076
2023-06-07,George Kirby,3,5.202090551655994
2023-06-13,George Kirby,10,5.210291636962157
2023-04-03,Reid Detmers,7,2.6440886840287203
2023-04-09,Reid Detmers,5,5.182407954793092
2023-04-16,Reid Detmers,7,3.906184378705624
2023-04-23,Reid Detmers,6,4.9906947625491656
2023-04-29,Reid Detmers,6,5.19082263062406
2023-05-06,Reid Detmers,7,5.905949063359011
2023-05-13,Reid Detmers,3,4.165544058774161
2023-05-19,Reid Detmers,12,4.676990631086404
2023-05-26,Reid Detmers,5,6.469700647022183
2023-06-01,Reid Detmers,2,4.740343007170658
2023-06-08,Reid Detmers,8,5.465453033058025
2023-06-14,Reid Detmers,8,4.562204110629212
2023-04-03,Jake Woodford,3,3.30600987647369
2023-04-09,Jake Woodford,5,3.5748487995649434
2023-04-14,Jake Woodford,3,4.538766925927968
2023-04-19,Jake Woodford,1,3.74443532721912
2023-04-25,Jake Woodford,4,3.27310427376728
2023-04-30,Jake Woodford,2,3.2291129217847176
2023-04-03,Charlie Morton,1,2.727060800254028
2023-04-08,Charlie Morton,6,4.417437405203382
2023-04-14,Charlie Morton,5,3.60969401755253
2023-04-19,Charlie Morton,5,4.636998285535467
2023-04-25,Charlie Morton,9,5.170046262154778
2023-05-01,Charlie Morton,6,5.345375138291433
2023-05-09,Charlie Morton,7,5.096303224278829
2023-05-15,Charlie Morton,10,4.998537558161254
2023-05-22,Charlie Morton,5,5.880133692368601
2023-05-27,Charlie Morton,9,5.226049039880751
2023-06-02,Charlie Morton,9,5.868712189230456
2023-06-07,Charlie Morton,5,6.566136853059362
2023-06-12,Charlie Morton,8,5.617315922370111
2023-04-03,Drew Smyly,3,3.862332219892942
2023-04-10,Drew Smyly,7,4.430979962750933
2023-04-16,Drew Smyly,3,4.260112797296386
2023-04-21,Drew Smyly,10,4.16678624534356
2023-04-26,Drew Smyly,4,6.319332288713541
2023-05-01,Drew Smyly,2,4.800893351718123
2023-05-06,Drew Smyly,5,5.10827798713281
2023-05-12,Drew Smyly,4,3.84742781416012
2023-05-17,Drew Smyly,8,4.452165567182898
2023-05-23,Drew Smyly,5,5.029246156366385
2023-05-28,Drew Smyly,2,4.967238201109152
2023-06-03,Drew Smyly,4,4.482694833042864
2023-06-08,Drew Smyly,4,3.836137545869946
2023-06-14,Drew Smyly,4,5.127207445151024
2023-04-03,Connor Overton,5,3.5360477157086536
2023-04-09,Connor Overton,4,4.113764557391368
2023-04-14,Connor Overton,0,4.811197111163215
2023-04-03,Michael Kopech,5,3.66740578139712
2023-04-09,Michael Kopech,5,4.233665346520021
2023-04-15,Michael Kopech,4,5.398874523065607
2023-04-21,Michael Kopech,9,4.022921249972613
2023-04-26,Michael Kopech,4,5.682010168980708
2023-05-02,Michael Kopech,7,5.219037393183353
2023-05-07,Michael Kopech,2,5.620239419440151
2023-05-12,Michael Kopech,5,5.0033003287241815
2023-05-19,Michael Kopech,10,4.321980217167668
2023-05-24,Michael Kopech,9,4.80749964830057
2023-05-29,Michael Kopech,10,4.95466070951198
2023-06-04,Michael Kopech,9,6.815255521103622
2023-06-10,Michael Kopech,6,6.138308309642684
2023-04-03,Anthony DeSclafani,4,3.909388743915176
2023-04-09,Anthony DeSclafani,7,4.162661949963341
2023-04-15,Anthony DeSclafani,5,4.595369750227824
2023-04-21,Anthony DeSclafani,5,4.499241154768287
2023-04-26,Anthony DeSclafani,6,4.576866986034752
2023-05-02,Anthony DeSclafani,3,4.940356955380441
2023-05-08,Anthony DeSclafani,3,4.307872821357773
2023-05-13,Anthony DeSclafani,2,4.818363674446933
2023-05-19,Anthony DeSclafani,6,4.579368678443417
2023-05-24,Anthony DeSclafani,6,3.9909015743125766
2023-05-29,Anthony DeSclafani,2,4.62105356761248
2023-06-04,Anthony DeSclafani,2,4.197861382873546
2023-06-09,Anthony DeSclafani,2,3.889172251700399
2023-06-14,Anthony DeSclafani,7,4.087780534149252
2023-04-03,Matthew Boyd,3,2.815753583372194
2023-04-09,Matthew Boyd,4,2.9560383816800977
2023-04-18,Matthew Boyd,4,2.980955754743524
2023-04-24,Matthew Boyd,8,4.091050045726804
2023-04-29,Matthew Boyd,3,4.772704006996937
2023-05-05,Matthew Boyd,6,4.386165055328542
2023-05-12,Matthew Boyd,1,4.775993253739062
2023-05-19,Matthew Boyd,4,3.800937473263969
2023-05-24,Matthew Boyd,6,3.673984748428916
2023-05-29,Matthew Boyd,5,4.649009588686064
2023-06-04,Matthew Boyd,9,4.66431603470846
2023-06-10,Matthew Boyd,3,5.231258167136748
2023-06-15,Matthew Boyd,8,4.074921433877279
2023-04-03,Hunter Brown,5,3.712661781457134
2023-04-09,Hunter Brown,7,4.40737847721809
2023-04-15,Hunter Brown,5,6.38066494592475
2023-04-21,Hunter Brown,7,5.369892203563185
2023-04-26,Hunter Brown,8,5.548768999448994
2023-05-02,Hunter Brown,4,5.592016415745215
2023-05-08,Hunter Brown,3,4.786334349406406
2023-05-14,Hunter Brown,8,4.821707704283158
2023-05-20,Hunter Brown,9,5.203911960137638
2023-05-26,Hunter Brown,10,5.424909360871187
2023-05-31,Hunter Brown,8,6.467535068622167
2023-06-06,Hunter Brown,5,5.732858304265122
2023-06-13,Hunter Brown,4,6.215266283209905
2023-04-03,Johan Oviedo,4,2.3202074113476114
2023-04-09,Johan Oviedo,5,4.597088791594654
2023-04-14,Johan Oviedo,10,4.946880368945232
2023-04-19,Johan Oviedo,6,5.543766809909572
2023-04-25,Johan Oviedo,4,4.860242814958416
2023-04-30,Johan Oviedo,1,5.742619009779534
2023-05-06,Johan Oviedo,3,4.328984617841647
2023-05-12,Johan Oviedo,3,4.329971162238705
2023-05-19,Johan Oviedo,7,4.564597657897761
2023-05-24,Johan Oviedo,5,5.056986888052297
2023-05-30,Johan Oviedo,5,3.994403842329433
2023-06-05,Johan Oviedo,5,4.4387977131212
2023-06-10,Johan Oviedo,5,4.326793421864437
2023-06-15,Johan Oviedo,8,4.161830650335685
2023-04-03,Kutter Crawford,6,3.8190475138949727
2023-04-09,Kutter Crawford,6,5.900827416739679
2023-06-03,Kutter Crawford,3,5.401473846520982
2023-06-07,Kutter Crawford,3,3.676814523063316
2023-06-13,Kutter Crawford,5,4.680118956770298
2023-04-03,Michael Grove,4,4.22256378669262
2023-04-09,Michael Grove,4,3.976885051704519
2023-04-15,Michael Grove,6,3.655265305724442
2023-04-20,Michael Grove,0,4.726551955817387
2023-06-03,Michael Grove,7,3.212361205613267
2023-06-15,Michael Grove,7,4.013667306086895
2023-04-03,Ryan Feltner,7,3.151764353293911
2023-04-09,Ryan Feltner,3,4.739243365705523
2023-04-15,Ryan Feltner,5,4.509897315289975
2023-04-20,Ryan Feltner,6,4.396360625140214
2023-04-25,Ryan Feltner,6,3.5234531200632238
2023-05-02,Ryan Feltner,3,4.674056012609729
2023-05-07,Ryan Feltner,3,3.985382076712229
2023-05-13,Ryan Feltner,0,3.679939534543221
2023-04-03,Johnny Cueto,0,2.992302140263348
2023-04-03,Tyler Mahle,7,3.4149895728193416
2023-04-09,Tyler Mahle,6,5.856456694233807
2023-04-15,Tyler Mahle,5,5.398980740399011
2023-04-21,Tyler Mahle,4,4.482205247084115
2023-04-27,Tyler Mahle,6,4.316544448423811
2023-04-03,Brady Singer,3,3.0231863671488086
2023-04-08,Brady Singer,4,3.116131885236913
2023-04-14,Brady Singer,8,3.696533797912565
2023-04-19,Brady Singer,4,4.1798891781624405
2023-04-25,Brady Singer,5,4.495937515385386
2023-04-30,Brady Singer,5,4.255131447863643
2023-05-06,Brady Singer,4,3.8141444680251535
2023-05-11,Brady Singer,4,3.934143087155528
2023-05-16,Brady Singer,3,4.734720513781157
2023-05-22,Brady Singer,3,4.468964507883381
2023-05-27,Brady Singer,6,4.013600605375003
2023-06-04,Brady Singer,7,4.362114036388296
2023-06-10,Brady Singer,4,4.553809484570058
2023-04-03,José Berríos,7,3.2792135685820405
2023-04-08,José Berríos,5,5.592800579636209
2023-04-14,José Berríos,6,5.4426688144685045
2023-04-19,José Berríos,3,4.976234384322096
2023-04-25,José Berríos,9,5.141273805324517
2023-05-01,José Berríos,4,5.488222593578083
2023-05-06,José Berríos,7,4.981816816442312
2023-05-13,José Berríos,3,5.451053867865405
2023-05-18,José Berríos,8,4.765175564875745
2023-05-23,José Berríos,5,5.60693864349436
2023-05-28,José Berríos,5,4.994207465408123
2023-06-03,José Berríos,6,5.09967860683671
2023-06-08,José Berríos,2,5.161195289477109
2023-06-14,José Berríos,5,4.46197798703632
2023-04-04,Yu Darvish,3,4.035804459528335
2023-04-10,Yu Darvish,5,3.39118227738818
2023-04-16,Yu Darvish,12,4.831722673856105
2023-04-23,Yu Darvish,5,6.463500840364257
2023-04-30,Yu Darvish,9,6.195237469825875
2023-05-05,Yu Darvish,6,6.916158356765068
2023-05-11,Yu Darvish,7,5.53475641189901
2023-05-17,Yu Darvish,6,6.825545590224161
2023-05-23,Yu Darvish,4,5.931601210748647
2023-05-28,Yu Darvish,2,5.376036238862652
2023-06-03,Yu Darvish,9,5.595343046220192
2023-06-09,Yu Darvish,6,5.693170356254346
2023-04-04,José Suarez,4,2.686654087272579
2023-04-10,José Suarez,2,4.906437341974003
2023-04-18,José Suarez,1,2.9368204126193005
2023-04-24,José Suarez,5,2.1969951672441344
2023-04-30,José Suarez,6,3.728495254360135
2023-05-07,José Suarez,3,4.9578377363144455
2023-04-04,Domingo Germán,8,3.046235790685218
2023-04-10,Domingo Germán,0,5.51958959391065
2023-04-15,Domingo Germán,11,4.930715940068344
2023-04-21,Domingo Germán,6,6.403304655138259
2023-04-26,Domingo Germán,8,6.387633821841746
2023-05-01,Domingo Germán,6,6.178679769076616
2023-05-06,Domingo Germán,5,6.949510057777303
2023-05-11,Domingo Germán,3,6.372422517312426
2023-05-16,Domingo Germán,2,5.030466318528852
2023-05-29,Domingo Germán,4,5.833444252549494
2023-06-04,Domingo Germán,6,5.251034910390054
2023-06-10,Domingo Germán,5,4.973003626406371
2023-04-04,Matt Strahm,3,2.7339215173546694
2023-04-10,Matt Strahm,6,3.366266244500032
2023-04-15,Matt Strahm,6,4.160995790918432
2023-04-20,Matt Strahm,11,4.372153153356171
2023-04-27,Matt Strahm,5,6.261548156659684
2023-05-02,Matt Strahm,5,5.139233882283654
2023-05-23,Matt Strahm,3,4.0927571683030415
2023-06-03,Matt Strahm,1,3.919922951799813
2023-06-12,Matt Strahm,1,3.9185147804121594
2023-04-04,JP Sears,5,2.8350420205390603
2023-04-10,JP Sears,4,4.906651943664156
2023-04-16,JP Sears,3,4.59639914163043
2023-04-21,JP Sears,11,3.962849274078781
2023-04-27,JP Sears,4,4.342144997305177
2023-05-03,JP Sears,7,4.617283217043927
2023-05-08,JP Sears,4,4.922921745513909
2023-05-14,JP Sears,6,6.039381388405876
2023-05-20,JP Sears,7,4.982638808338242
2023-05-25,JP Sears,1,6.131837655446261
2023-05-30,JP Sears,2,4.5717609445775125
2023-06-05,JP Sears,6,4.138985025355469
2023-06-11,JP Sears,5,5.235520502549456
2023-04-04,Andrew Heaney,2,3.095495776192968
2023-04-10,Andrew Heaney,10,2.98609156907922
2023-04-16,Andrew Heaney,4,5.103176568820643
2023-04-22,Andrew Heaney,4,4.444423992576216
2023-04-27,Andrew Heaney,6,4.37183202413105
2023-05-03,Andrew Heaney,5,4.445537256762634
2023-05-09,Andrew Heaney,7,4.6524915563267015
2023-05-14,Andrew Heaney,9,4.94213512533404
2023-05-21,Andrew Heaney,5,5.309126362717451
2023-05-27,Andrew Heaney,3,5.167232857435983
2023-06-03,Andrew Heaney,5,5.486566417064782
2023-06-09,Andrew Heaney,5,4.8108300747404265
2023-06-14,Andrew Heaney,5,4.438680168584265
2023-04-04,Josh Fleming,2,3.2105774940205274
2023-05-17,Josh Fleming,2,3.241818745577664
2023-05-28,Josh Fleming,3,3.449647069275027
2023-04-04,Chad Kuhl,4,3.35707159873616
2023-04-09,Chad Kuhl,3,3.9969239437754887
2023-04-15,Chad Kuhl,2,3.859639466287701
2023-04-22,Chad Kuhl,5,2.915523653996471
2023-04-29,Chad Kuhl,4,4.62768691880897
2023-04-04,Dylan Dodd,3,2.4743840391727314
2023-04-09,Dylan Dodd,3,4.581545082186293
2023-05-04,Dylan Dodd,1,3.165962258325769
2023-05-25,Dylan Dodd,3,3.827020628007264
2023-06-14,Dylan Dodd,2,3.1504656067688304
2023-04-04,Steven Matz,7,3.4320521469070133
2023-04-10,Steven Matz,4,5.185200092378944
2023-04-15,Steven Matz,6,5.746401512667
2023-04-21,Steven Matz,7,5.776842170084052
2023-04-26,Steven Matz,3,4.862542528138104
2023-05-02,Steven Matz,4,4.0342977352087726
2023-05-07,Steven Matz,2,4.974109385051198
2023-05-13,Steven Matz,4,2.849371417100917
2023-05-19,Steven Matz,6,4.357345623018256
2023-05-24,Steven Matz,2,4.494605994748522
2023-04-04,Matt Manning,4,2.815752798501053
2023-04-11,Matt Manning,3,3.50973251795405
2023-04-04,Luis Cessa,2,3.519812009600801
2023-04-11,Luis Cessa,1,3.0288549620501293
2023-04-16,Luis Cessa,0,3.678174826269164
2023-04-22,Luis Cessa,4,3.3941312713270224
2023-04-28,Luis Cessa,2,3.2173490243210385
2023-05-03,Luis Cessa,2,3.267117801898405
2023-04-04,Hayden Wesneski,4,3.8656525170802016
2023-04-11,Hayden Wesneski,0,4.193026146717536
2023-04-17,Hayden Wesneski,7,2.8298873248349263
2023-04-22,Hayden Wesneski,1,4.181458690911881
2023-04-27,Hayden Wesneski,3,3.508774825803831
2023-05-02,Hayden Wesneski,2,3.105783381259388
2023-05-07,Hayden Wesneski,6,4.120890091940895
2023-05-13,Hayden Wesneski,5,3.436542496718891
2023-06-06,Hayden Wesneski,4,3.1723704096469727
2023-06-11,Hayden Wesneski,4,3.3420833610116207
2023-04-04,Yusei Kikuchi,2,3.238109500029307
2023-04-09,Yusei Kikuchi,6,2.4726750555653907
2023-04-15,Yusei Kikuchi,9,5.178818040023236
2023-04-21,Yusei Kikuchi,3,4.99619447274965
2023-04-26,Yusei Kikuchi,8,4.628390445411244
2023-05-02,Yusei Kikuchi,2,4.6473383567823054
2023-05-07,Yusei Kikuchi,3,4.313433848171246
2023-05-14,Yusei Kikuchi,7,4.657534575885305
2023-05-19,Yusei Kikuchi,3,5.620565494603744
2023-05-24,Yusei Kikuchi,5,4.726505947318367
2023-05-30,Yusei Kikuchi,4,5.284482027504434
2023-06-04,Yusei Kikuchi,8,4.419745205265726
2023-06-09,Yusei Kikuchi,4,5.231872382760408
2023-06-15,Yusei Kikuchi,7,4.63258100501336
2023-04-04,Kris Bubic,4,3.248008062089049
2023-04-09,Kris Bubic,9,4.134153685431472
2023-04-15,Kris Bubic,3,5.358099669746061
2023-04-04,Roansy Contreras,2,2.3431100965008107
2023-04-10,Roansy Contreras,3,3.562406153850291
2023-04-15,Roansy Contreras,6,3.0394996621528
2023-04-20,Roansy Contreras,8,3.7422101174398663
2023-04-26,Roansy Contreras,5,4.731103049704792
2023-05-02,Roansy Contreras,3,4.533459799902374
2023-05-07,Roansy Contreras,4,4.2063181887744685
2023-05-13,Roansy Contreras,1,4.575236023419061
2023-05-21,Roansy Contreras,3,3.527045444840092
2023-06-02,Roansy Contreras,6,3.8048437820102574
2023-06-07,Roansy Contreras,1,3.9761265617106334
2023-04-04,Nick Pivetta,6,3.873609770436724
2023-04-10,Nick Pivetta,6,5.069092111338844
2023-04-15,Nick Pivetta,4,4.400294404837821
2023-04-21,Nick Pivetta,7,5.233445132198979
2023-04-28,Nick Pivetta,5,4.499167283707538
2023-05-03,Nick Pivetta,6,4.532223760058777
2023-05-09,Nick Pivetta,2,5.429930205809961
2023-05-16,Nick Pivetta,6,4.96854398901616
2023-04-04,Kenta Maeda,9,3.3633876750558653
2023-04-10,Kenta Maeda,3,6.227536584716653
2023-04-20,Kenta Maeda,0,3.505174107397533
2023-04-26,Kenta Maeda,2,3.303811520376953
2023-04-04,Wade Miley,3,3.0436503995869173
2023-04-10,Wade Miley,3,3.569462715021437
2023-04-16,Wade Miley,8,3.4328374453146275
2023-04-22,Wade Miley,3,4.46905195190766
2023-04-28,Wade Miley,2,3.478632332612161
2023-05-04,Wade Miley,2,3.579663810713916
2023-05-10,Wade Miley,3,3.6839698350960366
2023-05-16,Wade Miley,0,3.3813814529340496
2023-04-05,Chris Flexen,4,3.371538663216372
2023-04-11,Chris Flexen,1,4.838584806786426
2023-04-17,Chris Flexen,5,3.789828691431664
2023-04-23,Chris Flexen,3,4.287788735358171
2023-04-05,Grayson Rodriguez,5,3.174047906281645
2023-04-11,Grayson Rodriguez,6,4.935782639652634
2023-04-16,Grayson Rodriguez,8,5.951221343476105
2023-04-23,Grayson Rodriguez,6,6.146885232178244
2023-04-29,Grayson Rodriguez,9,5.021419360689901
2023-05-04,Grayson Rodriguez,3,5.865609136792659
2023-05-09,Grayson Rodriguez,4,5.15619343391485
2023-05-15,Grayson Rodriguez,3,4.0455975158404
2023-05-20,Grayson Rodriguez,6,4.838568199742785
2023-05-26,Grayson Rodriguez,6,4.936942871355161
2023-04-05,Bryce Elder,6,2.547338519209849
2023-04-10,Bryce Elder,7,5.01709622261719
2023-04-15,Bryce Elder,4,4.75069710117379
2023-04-21,Bryce Elder,6,5.456258799408675
2023-04-26,Bryce Elder,3,6.409999813542547
2023-05-02,Bryce Elder,6,4.511344709264925
2023-05-07,Bryce Elder,4,5.694383477330989
2023-05-13,Bryce Elder,3,4.871060296745029
2023-05-19,Bryce Elder,6,5.304553394554247
2023-05-24,Bryce Elder,6,5.38815776345889
2023-05-30,Bryce Elder,5,4.508531365330855
2023-06-06,Bryce Elder,8,5.363326393591797
2023-06-11,Bryce Elder,1,5.03971750679311
2023-04-06,Alex Wood,3,3.868235332132453
2023-04-11,Alex Wood,5,3.5531121092317086
2023-04-18,Alex Wood,3,3.9873313881374974
2023-05-15,Alex Wood,4,2.756813775701348
2023-05-21,Alex Wood,5,4.065763228709794
2023-05-26,Alex Wood,5,3.885254741725188
2023-05-31,Alex Wood,4,4.535765284993736
2023-04-08,Sean Manaea,8,3.1621789366705397
2023-04-14,Sean Manaea,4,6.199675522283434
2023-04-20,Sean Manaea,3,4.680798158156319
2023-04-29,Sean Manaea,3,4.602293521474435
2023-05-05,Sean Manaea,6,4.168617975255103
2023-05-10,Sean Manaea,4,4.380503871555739
2023-04-09,Braxton Garrett,7,3.082337598574926
2023-04-15,Braxton Garrett,5,6.894484785522555
2023-04-22,Braxton Garrett,3,3.7728275534205
2023-04-27,Braxton Garrett,3,4.271070567033877
2023-05-03,Braxton Garrett,3,3.940007061627296
2023-05-08,Braxton Garrett,6,3.858367831766184
2023-05-14,Braxton Garrett,8,4.229483513886708
2023-05-20,Braxton Garrett,8,3.395323330236605
2023-05-25,Braxton Garrett,3,3.821712923110571
2023-05-31,Braxton Garrett,7,5.003863030868482
2023-06-05,Braxton Garrett,6,4.817609613085292
2023-06-11,Braxton Garrett,9,4.794091164217767
2023-04-09,Tyler Wells,6,4.078771537617913
2023-04-14,Tyler Wells,3,4.846066297092226
2023-04-21,Tyler Wells,5,4.47357364458691
2023-04-26,Tyler Wells,7,4.283025117571793
2023-05-02,Tyler Wells,4,4.330955486308939
2023-05-07,Tyler Wells,4,4.6590837212024985
2023-05-13,Tyler Wells,8,4.532622838410629
2023-05-18,Tyler Wells,7,4.541906712361522
2023-05-24,Tyler Wells,8,5.348320167174266
2023-05-29,Tyler Wells,7,4.944744858848063
2023-06-04,Tyler Wells,9,5.617823503422216
2023-06-09,Tyler Wells,4,5.787150336041675
2023-06-15,Tyler Wells,8,4.93115926722246
2023-04-10,Jalen Beeks,2,3.568970657861922
2023-04-17,Jalen Beeks,1,2.9167757194458472
2023-05-10,Jalen Beeks,2,2.906210966227921
2023-05-16,Jalen Beeks,2,2.670926869969934
2023-05-21,Jalen Beeks,3,2.9366042074936995
2023-05-26,Jalen Beeks,2,3.237889907320666
2023-06-13,Jalen Beeks,3,2.788153150849084
2023-04-11,Garrett Whitlock,5,4.154350517588517
2023-04-16,Garrett Whitlock,5,4.0262166370274
2023-04-22,Garrett Whitlock,1,5.222271502345077
2023-05-27,Garrett Whitlock,4,4.122682249056661
2023-06-03,Garrett Whitlock,5,4.497653776188925
2023-06-09,Garrett Whitlock,6,4.5223327604858365
2023-06-14,Garrett Whitlock,7,5.144224770170717
2023-04-11,Kyle Wright,3,3.7412413580162687
2023-04-16,Kyle Wright,6,2.9826824354108923
2023-04-22,Kyle Wright,2,5.110497820486152
2023-04-27,Kyle Wright,6,4.181097802037517
2023-05-03,Kyle Wright,3,4.077447690783369
2023-04-12,Taj Bradley,8,3.61377200104633
2023-04-18,Taj Bradley,9,6.16297289576011
2023-04-24,Taj Bradley,6,6.800063910871234
2023-05-18,Taj Bradley,4,5.818008790709735
2023-05-23,Taj Bradley,7,5.83729575115433
2023-05-29,Taj Bradley,8,6.358425279367758
2023-06-04,Taj Bradley,6,5.08205392962833
2023-06-10,Taj Bradley,4,7.422203109452331
2023-06-15,Taj Bradley,11,5.27468204342561
2023-04-12,Griffin Canning,4,3.2064136491781894
2023-04-19,Griffin Canning,4,3.802056448734453
2023-04-25,Griffin Canning,7,3.91505216776676
2023-05-04,Griffin Canning,3,4.082985314947504
2023-05-10,Griffin Canning,3,4.071128314281243
2023-05-17,Griffin Canning,4,4.026887464161154
2023-05-23,Griffin Canning,5,4.1257146527889015
2023-05-29,Griffin Canning,9,4.227699042650908
2023-06-04,Griffin Canning,4,4.42601850285522
2023-06-11,Griffin Canning,7,4.280308765485916
2023-04-12,Drey Jameson,4,3.2892404053441
2023-04-18,Drey Jameson,3,3.493087927981364
2023-04-23,Drey Jameson,1,3.2326082804038774
2023-04-12,Janson Junk,2,3.1608248818900684
2023-04-12,Peyton Battenfield,3,2.794829148936808
2023-04-18,Peyton Battenfield,5,3.824426639382125
2023-04-25,Peyton Battenfield,4,4.040647990804957
2023-05-05,Peyton Battenfield,7,3.2251825170386232
2023-05-10,Peyton Battenfield,4,5.323881234553338
2023-05-17,Peyton Battenfield,2,4.800519854149815
2023-04-13,Colin Rea,6,3.071826015993949
2023-04-18,Colin Rea,2,5.022041111889898
2023-04-24,Colin Rea,1,4.310073532218875
2023-04-30,Colin Rea,9,2.809765830040128
2023-05-06,Colin Rea,4,4.165525832541894
2023-05-14,Colin Rea,3,4.025131754868826
2023-05-23,Colin Rea,4,4.329698924909295
2023-05-28,Colin Rea,6,4.105255761706312
2023-06-03,Colin Rea,5,4.333238551911859
2023-06-08,Colin Rea,8,4.452822515054894
2023-06-14,Colin Rea,4,4.044374769863074
2023-04-13,Adam Oller,2,2.8547745969308784
2023-04-14,Louie Varland,8,2.4881499013877137
2023-05-03,Louie Varland,6,5.059834110269864
2023-05-09,Louie Varland,6,6.2057217893883
2023-05-14,Louie Varland,7,6.043043851048126
2023-05-20,Louie Varland,4,5.166683143265544
2023-05-26,Louie Varland,3,5.058865845511138
2023-05-31,Louie Varland,5,5.048290690615876
2023-06-06,Louie Varland,5,5.663053873243529
2023-06-11,Louie Varland,6,4.833599316470425
2023-04-14,Tommy Milone,3,3.989936177921343
2023-04-15,Calvin Faucher,2,2.6702994791073698
2023-04-21,Calvin Faucher,3,3.280952666249839
2023-04-26,Calvin Faucher,1,4.094560504101025
2023-04-29,Calvin Faucher,1,2.312322332448
2023-04-15,Michael Lorenzen,6,3.5307539967611823
2023-04-21,Michael Lorenzen,4,4.727165236073929
2023-04-26,Michael Lorenzen,5,4.354551020135899
2023-05-03,Michael Lorenzen,1,3.948504773608609
2023-05-09,Michael Lorenzen,3,2.868151462921838
2023-05-16,Michael Lorenzen,7,4.471586980887376
2023-05-22,Michael Lorenzen,5,4.165350760736238
2023-05-27,Michael Lorenzen,4,4.194433990527099
2023-06-03,Michael Lorenzen,6,3.6870100145377593
2023-06-09,Michael Lorenzen,3,4.605132666763483
2023-06-14,Michael Lorenzen,3,4.436110510400404
2023-04-16,José Butto,2,2.955866992509286
2023-04-25,José Butto,1,4.162335535221282
2023-04-16,Noah Davis,5,3.3119824466041523
2023-04-21,Noah Davis,5,4.230518599087224
2023-04-29,Noah Davis,2,3.935055976674769
2023-04-17,Brayan Bello,5,2.728553794777405
2023-04-23,Brayan Bello,3,5.025384403576687
2023-04-29,Brayan Bello,6,3.546460168572684
2023-05-04,Brayan Bello,5,3.836836331534784
2023-05-10,Brayan Bello,5,4.43536053889216
2023-05-17,Brayan Bello,7,4.452441355701152
2023-05-23,Brayan Bello,6,4.983676608817058
2023-05-30,Brayan Bello,4,5.1246588591696165
2023-06-05,Brayan Bello,5,4.99069554392138
2023-06-11,Brayan Bello,3,5.0424052010216895
2023-04-19,Mason Miller,5,3.275248155746101
2023-04-25,Mason Miller,6,4.09286452001118
2023-05-02,Mason Miller,6,4.740729749558806
2023-05-07,Mason Miller,5,4.469957757011644
2023-04-19,Levi Stoudt,3,3.6692602764198834
2023-04-20,Luke Weaver,8,3.3555891056314837
2023-04-25,Luke Weaver,8,7.278862775244917
2023-05-01,Luke Weaver,3,6.912621350613785
2023-05-09,Luke Weaver,2,5.831197236494023
2023-05-14,Luke Weaver,6,4.874291985602224
2023-05-20,Luke Weaver,4,5.090714403331601
2023-05-25,Luke Weaver,6,4.321075866183676
2023-05-31,Luke Weaver,5,4.025294303046511
2023-06-06,Luke Weaver,4,4.445498959756576
2023-06-12,Luke Weaver,3,3.621941884810376
2023-04-20,Javier Assad,3,3.276321343828136
2023-04-21,Joey Lucchesi,9,2.7761991050369703
2023-04-27,Joey Lucchesi,3,6.42324876856175
2023-05-03,Joey Lucchesi,1,4.064877955474114
2023-05-07,Joey Lucchesi,4,4.33614658559719
2023-05-13,Joey Lucchesi,0,3.040585760420296
2023-04-21,Taylor Clarke,1,2.6379655360850203
2023-04-22,Cristopher Sánchez,5,3.807097838336925
2023-04-22,Joe Musgrove,6,3.237681812118816
2023-04-29,Joe Musgrove,3,5.755625809934704
2023-05-07,Joe Musgrove,5,4.689568182587228
2023-05-13,Joe Musgrove,5,4.399263732111247
2023-05-20,Joe Musgrove,6,4.863427071018625
2023-05-26,Joe Musgrove,6,4.679235692427707
2023-06-01,Joe Musgrove,3,4.645457694154374
2023-06-06,Joe Musgrove,8,4.776595416769128
2023-06-13,Joe Musgrove,5,5.31217675649109
2023-04-22,Devin Smeltzer,3,2.7850892403209127
2023-04-23,Bailey Ober,4,2.913938389013625
2023-04-29,Bailey Ober,6,3.448259578957379
2023-05-05,Bailey Ober,6,3.6181271585477823
2023-05-11,Bailey Ober,6,5.584513570503277
2023-05-16,Bailey Ober,6,4.891542926544826
2023-05-22,Bailey Ober,2,5.29537195974709
2023-05-28,Bailey Ober,7,4.03438408466659
2023-06-02,Bailey Ober,3,4.886499751923426
2023-06-08,Bailey Ober,7,4.157946234664522
2023-06-14,Bailey Ober,7,5.84003627595232
2023-04-23,Logan Allen,8,3.3368694350324937
2023-04-30,Logan Allen,8,5.288229706897777
2023-05-06,Logan Allen,3,6.1229731008408885
2023-05-12,Logan Allen,5,4.386963577655054
2023-05-18,Logan Allen,5,5.457030740901805
2023-05-23,Logan Allen,4,5.764387366357785
2023-05-29,Logan Allen,10,4.562103616457305
2023-06-03,Logan Allen,4,5.405368123482139
2023-06-09,Logan Allen,4,4.961768904123248
2023-06-15,Logan Allen,2,5.370140114473603
2023-04-24,Tommy Henry,1,2.830427947987633
2023-04-29,Tommy Henry,3,2.81462529447695
2023-05-06,Tommy Henry,3,3.982560663881586
2023-05-11,Tommy Henry,2,3.4804671623497097
2023-05-16,Tommy Henry,4,3.045585220603267
2023-05-22,Tommy Henry,5,3.792833272358755
2023-05-31,Tommy Henry,7,4.487471294060334
2023-06-06,Tommy Henry,2,4.458178482717527
2023-06-12,Tommy Henry,6,4.13808898357096
2023-04-25,John Brebbia,2,3.16036930269513
2023-05-12,John Brebbia,2,3.38904565968666
2023-05-22,John Brebbia,2,3.097927088737388
2023-05-30,John Brebbia,1,3.840529571134379
2023-06-06,John Brebbia,0,3.1901819039392807
2023-06-10,John Brebbia,1,3.359380522717028
2023-06-11,John Brebbia,1,3.067471992215604
2023-04-25,Bryan Hoeing,2,2.875442005711211
2023-04-30,Bryan Hoeing,4,2.947828074762786
2023-04-26,Tony Gonsolin,1,3.403568569768
2023-05-01,Tony Gonsolin,3,2.6808785663486745
2023-05-08,Tony Gonsolin,6,3.3088675901723628
2023-05-14,Tony Gonsolin,6,4.554838821248041
2023-05-19,Tony Gonsolin,3,4.035720392542237
2023-05-24,Tony Gonsolin,4,4.50427117560273
2023-05-30,Tony Gonsolin,2,4.161566106326862
2023-06-06,Tony Gonsolin,5,3.567750007931141
2023-06-13,Tony Gonsolin,6,4.07226659760124
2023-04-26,Ryan Yarbrough,2,3.5643745751332667
2023-05-02,Ryan Yarbrough,5,2.898117396947041
2023-05-07,Ryan Yarbrough,2,3.796267496827719
2023-04-26,Luis Medina,6,2.344342719030332
2023-05-11,Luis Medina,3,5.753079908218057
2023-05-17,Luis Medina,6,4.740248708723816
2023-05-23,Luis Medina,4,5.217541570255939
2023-06-03,Luis Medina,2,4.379460679016114
2023-06-14,Luis Medina,5,4.205388821722364
2023-04-26,Tanner Bibee,8,3.8402438265246994
2023-05-02,Tanner Bibee,5,5.642961514035868
2023-05-08,Tanner Bibee,2,5.134726389174868
2023-05-14,Tanner Bibee,7,3.3632613137018934
2023-05-21,Tanner Bibee,3,5.27515043206371
2023-05-27,Tanner Bibee,9,3.7044508877034
2023-06-01,Tanner Bibee,6,4.736708109707239
2023-06-07,Tanner Bibee,2,4.4828494331977815
2023-06-13,Tanner Bibee,3,4.698926375952193
2023-04-28,Drew Rucinski,1,3.3177146045862718
2023-05-04,Drew Rucinski,3,3.210329983648528
2023-05-09,Drew Rucinski,2,2.981947880816326
2023-05-15,Drew Rucinski,0,3.4528506548862565
2023-04-29,Easton McGee,2,2.8031091161142365
2023-04-29,Caleb Kilian,4,3.3828071816964824
2023-05-01,Denyi Reyes,1,3.2919021216114173
2023-05-02,Bryce Miller,10,3.038524118073704
2023-05-07,Bryce Miller,5,5.947758612416399
2023-05-13,Bryce Miller,3,5.418662244010396
2023-05-19,Bryce Miller,4,4.88400985112186
2023-05-24,Bryce Miller,6,5.7941779992366005
2023-05-29,Bryce Miller,3,5.409321485251908
2023-06-04,Bryce Miller,2,4.043413145539958
2023-06-12,Bryce Miller,6,4.882677236902035
2023-05-02,Javy Guerra,0,4.338272932833113
2023-05-07,Javy Guerra,1,3.698540839463903
2023-05-03,Brandon Pfaadt,3,2.972234545929222
2023-05-09,Brandon Pfaadt,3,4.409376277568046
2023-05-14,Brandon Pfaadt,5,3.843680621734484
2023-05-20,Brandon Pfaadt,3,4.126371358295912
2023-05-26,Brandon Pfaadt,4,3.813918348819724
2023-05-03,Jake Irvin,3,2.9937389930405947
2023-05-08,Jake Irvin,5,2.594519838315892
2023-05-14,Jake Irvin,6,3.105847273466344
2023-05-19,Jake Irvin,1,4.634671432121536
2023-05-25,Jake Irvin,4,3.940419237448155
2023-05-30,Jake Irvin,3,3.379677675048096
2023-06-06,Jake Irvin,1,3.641023594347664
2023-05-03,Gavin Stone,1,2.8071935544138698
2023-05-22,Gavin Stone,1,2.816153073194783
2023-05-28,Gavin Stone,3,3.4044215185366955
2023-05-04,Justin Verlander,5,2.9258553897989263
2023-05-10,Justin Verlander,7,4.872195595216418
2023-05-16,Justin Verlander,3,5.915221619908988
2023-05-21,Justin Verlander,5,4.632282178866379
2023-05-27,Justin Verlander,2,4.21627886486416
2023-06-02,Justin Verlander,8,4.043015710090804
2023-06-08,Justin Verlander,3,4.496348560594453
2023-06-14,Justin Verlander,6,4.91440586094552
2023-05-04,Connor Seabold,1,3.484186247398545
2023-05-09,Connor Seabold,3,3.3518070536530598
2023-05-15,Connor Seabold,3,3.075000604651262
2023-05-21,Connor Seabold,5,3.1046085115239546
2023-05-26,Connor Seabold,2,3.380514100549965
2023-06-01,Connor Seabold,5,3.5421634721400688
2023-06-07,Connor Seabold,4,3.5728443504712977
2023-06-12,Connor Seabold,6,3.01457118061278
2023-05-05,Antonio Senzatela,3,2.988139475143218
2023-05-10,Antonio Senzatela,1,3.2422660116750084
2023-05-05,Yonny Chirinos,0,3.9119245921565273
2023-06-08,Yonny Chirinos,4,3.447851057308786
2023-05-05,Dane Dunning,3,2.510231742973062
2023-05-10,Dane Dunning,5,2.951884250286412
2023-05-16,Dane Dunning,4,3.9210353696195033
2023-05-22,Dane Dunning,3,3.9347076829819256
2023-05-31,Dane Dunning,6,3.282934438152564
2023-06-06,Dane Dunning,1,3.835701374223756
2023-06-12,Dane Dunning,3,3.247173903885937
2023-05-06,J.P. France,5,2.635155578887414
2023-05-12,J.P. France,3,4.685390490163876
2023-05-17,J.P. France,2,4.874400551960859
2023-05-23,J.P. France,8,3.8362829671785086
2023-05-29,J.P. France,8,4.601415292606378
2023-06-04,J.P. France,3,4.327709988165206
2023-06-10,J.P. France,6,3.633544132907401
2023-05-06,Adam Wainwright,5,4.215155342092851
2023-05-12,Adam Wainwright,2,3.7111171841292174
2023-05-18,Adam Wainwright,1,3.39794039757684
2023-05-23,Adam Wainwright,2,3.393272777719069
2023-05-29,Adam Wainwright,6,3.2418891009522635
2023-06-05,Adam Wainwright,3,3.9494440616961537
2023-06-11,Adam Wainwright,2,3.9197090681096887
2023-05-06,Matt Barnes,2,3.084566380259884
2023-05-07,Alex Faedo,1,3.016524451753838
2023-05-13,Alex Faedo,7,2.982357704334885
2023-05-20,Alex Faedo,4,4.362625037424231
2023-05-25,Alex Faedo,10,3.688980820873157
2023-05-30,Alex Faedo,4,4.789366198688315
2023-05-07,Brandon Bielak,0,2.558522980978645
2023-05-13,Brandon Bielak,4,3.2538753033529235
2023-05-19,Brandon Bielak,9,3.400771043141017
2023-05-24,Brandon Bielak,3,5.1131435954369024
2023-05-30,Brandon Bielak,6,4.035000199949202
2023-06-05,Brandon Bielak,2,4.4092652766923655
2023-06-11,Brandon Bielak,4,3.17568114345126
2023-05-07,Adrian Houser,5,2.7119723094620656
2023-05-13,Adrian Houser,2,4.343051453050574
2023-05-19,Adrian Houser,4,3.1622253584304274
2023-05-24,Adrian Houser,3,3.946818667233045
2023-05-30,Adrian Houser,3,3.5754887116773806
2023-06-04,Adrian Houser,2,3.699456868906308
2023-06-09,Adrian Houser,4,2.9372764232559825
2023-05-09,Luis Ortiz,1,3.2866205458426485
2023-05-16,Luis Ortiz,3,3.372713719176329
2023-05-22,Luis Ortiz,4,4.086794579456525
2023-05-28,Luis Ortiz,6,3.354266018492541
2023-06-03,Luis Ortiz,1,4.042599741170348
2023-06-13,Luis Ortiz,4,3.6399451039419146
2023-05-10,Dylan Lee,3,3.559398974470217
2023-05-11,Derek Law,1,3.174451117757222
2023-05-13,Derek Law,0,3.806912670604597
2023-05-12,Josh Taylor,2,3.618684532974196
2023-05-12,Eury Pérez,7,3.309883334971905
2023-05-18,Eury Pérez,6,6.424393578758899
2023-05-23,Eury Pérez,3,5.350675645250781
2023-05-28,Eury Pérez,3,4.535415100969823
2023-06-03,Eury Pérez,5,4.463951499110123
2023-06-09,Eury Pérez,6,4.6121304702941055
2023-06-14,Eury Pérez,6,4.826892007372539
2023-05-12,Trevor Kelley,2,3.3103845407113086
2023-05-22,Trevor Kelley,0,3.568125931326014
2023-06-03,Trevor Kelley,2,2.9419238672866097
2023-05-12,James Paxton,9,2.8409904469042293
2023-05-19,James Paxton,5,7.134023525570805
2023-05-24,James Paxton,5,5.634204426792405
2023-05-31,James Paxton,8,5.072553404494346
2023-06-06,James Paxton,9,4.941609751162635
2023-06-12,James Paxton,8,7.788554236859774
2023-05-13,Ranger Suárez,4,2.799339115526347
2023-05-19,Ranger Suárez,4,4.295277466863933
2023-05-24,Ranger Suárez,5,3.811209971243608
2023-05-30,Ranger Suárez,4,4.0179413906585815
2023-06-04,Ranger Suárez,3,3.517036255391841
2023-06-09,Ranger Suárez,8,3.961275836334386
2023-06-14,Ranger Suárez,7,4.850437740275091
2023-05-14,Collin McHugh,2,2.643061937969914
2023-05-15,Connor Brogdon,1,2.4720682212227207
2023-05-15,Jimmy Cordero,0,4.274903394737383
2023-05-15,Cody Bradford,3,3.2646090393013867
2023-05-28,Cody Bradford,5,3.1953614905493826
2023-06-13,Cody Bradford,3,3.673383079951996
2023-05-16,Brandon Williamson,6,3.4891837025601333
2023-05-22,Brandon Williamson,3,4.536836715613048
2023-05-27,Brandon Williamson,3,4.29581453254966
2023-06-02,Brandon Williamson,6,4.298953957468396
2023-06-07,Brandon Williamson,3,4.605582001553043
2023-06-13,Brandon Williamson,1,3.4459566517257145
2023-05-16,Chase Anderson,3,2.786931308619051
2023-05-22,Chase Anderson,1,3.4321072133151658
2023-05-27,Chase Anderson,4,2.564842666666602
2023-06-02,Chase Anderson,2,2.55091630799796
2023-06-08,Chase Anderson,7,3.1074534890894654
2023-06-13,Chase Anderson,6,3.4719373575920507
2023-05-16,Chase Silseth,5,3.514064033222144
2023-05-17,Carlos Hernández,4,3.773386410570103
2023-05-21,Carlos Hernández,3,3.7347493564086074
2023-06-05,Carlos Hernández,3,3.825523561149651
2023-06-11,Carlos Hernández,0,3.033347601287516
2023-05-17,Matthew Liberatore,6,4.247368980991731
2023-05-26,Matthew Liberatore,2,4.096078877878245
2023-06-06,Matthew Liberatore,2,3.4382488395729727
2023-06-12,Matthew Liberatore,5,3.4796817361007504
2023-05-19,Karl Kauffmann,4,3.2865792764081707
2023-05-24,Karl Kauffmann,2,3.85567556827177
2023-05-29,Karl Kauffmann,1,3.440196156631484
2023-05-19,Ben Lively,8,3.7004609879038735
2023-05-24,Ben Lively,8,5.178486671408763
2023-05-30,Ben Lively,6,5.727976421257503
2023-06-04,Ben Lively,5,5.867397271417454
2023-06-09,Ben Lively,8,5.307685011960888
2023-06-14,Ben Lively,4,5.014151625471084
2023-05-20,Jesse Chavez,3,3.3545170857675024
2023-05-21,Luis Severino,5,4.3494997371084505
2023-05-27,Luis Severino,5,5.068191168575676
2023-06-02,Luis Severino,2,4.35785786139828
2023-06-08,Luis Severino,6,4.399320748040012
2023-06-13,Luis Severino,4,4.491236078822562
2023-05-22,Jaime Barria,6,2.875181183960809
2023-05-31,Jaime Barria,6,4.687932690936695
2023-06-07,Jaime Barria,3,5.67946770440858
2023-06-13,Jaime Barria,2,4.206050806538156
2023-05-22,Jimmy Lambert,0,2.6388145002029844
2023-05-23,Bobby Miller,5,3.091514276088638
2023-05-29,Bobby Miller,4,4.846488596065826
2023-06-04,Bobby Miller,7,4.641693671863458
2023-06-10,Bobby Miller,7,4.876376941784092
2023-05-23,Mike Mayers,8,3.327167613290949
2023-05-24,Austin Pruitt,0,2.8349720397068845
2023-05-27,Austin Pruitt,1,2.8448867178162547
2023-05-25,Scott Alexander,1,3.690136404849962
2023-05-25,Julio Teheran,5,3.398172095332264
2023-05-31,Julio Teheran,0,4.131396850315761
2023-06-05,Julio Teheran,5,3.126515139884243
2023-06-10,Julio Teheran,6,3.666262721960107
2023-05-25,Kyle Hendricks,5,3.3344039852357965
2023-05-30,Kyle Hendricks,3,5.053789693835094
2023-06-05,Kyle Hendricks,4,4.141239334750122
2023-06-10,Kyle Hendricks,3,3.5689038533561077
2023-05-26,Randy Vásquez,6,3.7891882162634913
2023-06-08,Randy Vásquez,3,4.652265744114803
2023-05-27,Jesse Scholtens,3,3.0428804585388187
2023-05-27,Tyler Glasnow,8,3.2231410472909223
2023-06-03,Tyler Glasnow,6,5.475993559637693
2023-06-09,Tyler Glasnow,6,7.3964801796431825
2023-06-14,Tyler Glasnow,6,5.441229226357503
2023-05-28,Daniel Lynch,6,3.142697621266681
2023-06-03,Daniel Lynch,7,4.714953489023308
2023-06-09,Daniel Lynch,4,5.172814018086058
2023-06-14,Daniel Lynch,3,4.588088537427382
2023-05-28,Dylan Covey,0,2.973466030306982
2023-05-29,Michael Soroka,3,2.9879296251929817
2023-06-04,Michael Soroka,2,3.9688292040996855
2023-05-29,Paul Blackburn,6,3.5654878598230813
2023-06-04,Paul Blackburn,3,5.472975277137023
2023-06-10,Paul Blackburn,5,4.109381932867654
2023-06-15,Paul Blackburn,9,4.870505615360398
2023-05-29,Josh Staumont,2,2.8059369501135314
2023-05-31,Keegan Akin,1,3.3183467986933075
2023-05-31,Dinelson Lamet,4,3.793026129142614
2023-06-06,Dinelson Lamet,4,3.574361387062149
2023-06-11,Dinelson Lamet,5,3.6923423566237785
2023-06-01,Ronel Blanco,5,2.825232734217313
2023-06-07,Ronel Blanco,5,4.81952772757981
2023-06-02,Reese Olson,6,2.93049082477146
2023-06-14,Reese Olson,2,5.738380955200951
2023-06-03,Bryan Woo,4,3.340063213476154
2023-06-10,Bryan Woo,7,3.3164608063663987
2023-06-04,Triston McKenzie,10,2.965861566006084
2023-06-10,Triston McKenzie,5,5.619646920285413
2023-06-05,Andrew Abbott,6,3.815342804889726
2023-06-10,Andrew Abbott,4,5.067180398682617
2023-06-06,Tyler Alexander,3,3.096349329995394
2023-06-07,Shawn Armstrong,1,3.726685679247432
2023-06-07,Hogan Harris,2,2.882844843396295
2023-06-08,Tyler Holton,1,3.1849736900186723
2023-06-08,Matt Dermody,1,2.9806394205708457
2023-06-09,Victor González,0,3.053592102219594
2023-06-09,Sam Moll,3,2.8588831950635045
2023-06-09,AJ Smith-Shawver,2,4.086968030016356
2023-06-15,AJ Smith-Shawver,6,3.993987251978596
2023-06-10,Trevor Richards,7,3.572672291032092
2023-06-11,Caleb Ferguson,2,3.059715689003536
2023-06-11,Will Vest,0,3.0885060877935597
2023-06-12,Mason Englert,1,3.420555259878308
2023-06-14,Osvaldo Bido,6,3.626124606671132
